STATE,STATENAME,ST_CASE,PEDS,PERNOTMVIT,VE_TOTAL,VE_FORMS,PVH_INVL,PERSONS,PERMVIT,COUNTY,COUNTYNAME,CITY,CITYNAME,MONTH,MONTHNAME,DAY,DAYNAME,DAY_WEEK,DAY_WEEKNAME,YEAR,HOUR,HOURNAME,MINUTE,MINUTENAME,TWAY_ID,TWAY_ID2,ROUTE,ROUTENAME,RUR_URB,RUR_URBNAME,FUNC_SYS,FUNC_SYSNAME,RD_OWNER,RD_OWNERNAME,NHS,NHSNAME,SP_JUR,SP_JURNAME,MILEPT,MILEPTNAME,LATITUDE,LATITUDENAME,LONGITUD,LONGITUDNAME,HARM_EV,HARM_EVNAME,MAN_COLL,MAN_COLLNAME,RELJCT1,RELJCT1NAME,RELJCT2,RELJCT2NAME,TYP_INT,TYP_INTNAME,REL_ROAD,REL_ROADNAME,WRK_ZONE,WRK_ZONENAME,LGT_COND,LGT_CONDNAME,WEATHER,WEATHERNAME,SCH_BUS,SCH_BUSNAME,RAIL,RAILNAME,NOT_HOUR,NOT_HOURNAME,NOT_MIN,NOT_MINNAME,ARR_HOUR,ARR_HOURNAME,ARR_MIN,ARR_MINNAME,HOSP_HR,HOSP_HRNAME,HOSP_MN,HOSP_MNNAME,FATALS
47,Tennessee,470439,0,0,2,2,0,2,2,81,HICKMAN (81),0,NOT APPLICABLE,5,May,27,27,6,Friday,2022,13,1:00pm-1:59pm,8,8,SR-230 LITTLE LOT RD,VICTORY LN,3,State Highway,1,Rural,5,Major Collector,1,State Highway Agency,0,This section IS NOT on the NHS,0,No Special Jurisdiction,59,59,35.82228889,35.82228889,-87.32776111,-87.32776111,12,Motor Vehicle In-Transport,6,Angle,0,No,2,Intersection,3,T-Intersection,1,On Roadway,0,None,1,Daylight,10,Cloudy,0,No,0000000,Not Applicable,99,Unknown,99,Unknown,99,Unknown EMS Scene Arrival Hour,99,Unknown EMS Scene Arrival Minutes,88,Not Applicable (Not Transported),88,Not Applicable (Not Transported),1
47,Tennessee,470440,1,1,1,1,0,1,1,157,SHELBY (157),1620,MEMPHIS,5,May,27,27,6,Friday,2022,7,7:00am-7:59am,9,9,I-240,NA,1,Interstate,2,Urban,1,Interstate,1,State Highway Agency,1,This section IS ON the NHS,0,No Special Jurisdiction,9,9,35.13758611,35.13758611,-90.02411944,-90.02411944,8,Pedestrian,0,The First Harmful Event was Not a Collision with a Motor Vehicle in Transport,0,No,1,Non-Junction,1,Not an Intersection,1,On Roadway,0,None,1,Daylight,1,Clear,0,No,0000000,Not Applicable,99,Unknown,99,Unknown,99,Unknown EMS Scene Arrival Hour,99,Unknown EMS Scene Arrival Minutes,88,Not Applicable (Not Transported),88,Not Applicable (Not Transported),1
47,Tennessee,470441,0,0,1,1,0,1,1,57,GRAINGER (57),0,NOT APPLICABLE,5,May,24,24,3,Tuesday,2022,18,6:00pm-6:59pm,59,59,US-11W SR-1,NA,2,US Highway,1,Rural,4,Minor Arterial,1,State Highway Agency,0,This section IS NOT on the NHS,0,No Special Jurisdiction,206,206,36.30653889,36.30653889,-83.43611111,-83.43611111,1,Rollover/Overturn,0,The First Harmful Event was Not a Collision with a Motor Vehicle in Transport,0,No,1,Non-Junction,1,Not an Intersection,4,On Roadside,0,None,1,Daylight,1,Clear,0,No,0000000,Not Applicable,99,Unknown,99,Unknown,99,Unknown EMS Scene Arrival Hour,99,Unknown EMS Scene Arrival Minutes,99,Unknown,99,Unknown EMS Hospital Arrival Time,1
47,Tennessee,470442,0,0,2,2,0,4,4,45,DYER (45),710,DYERSBURG,5,May,24,24,3,Tuesday,2022,20,8:00pm-8:59pm,12,12,SR-78 LAKE RD,I-155 RAMP,3,State Highway,2,Urban,3,Principal Arterial - Other,1,State Highway Agency,0,This section IS NOT on the NHS,0,No Special Jurisdiction,25,25,36.07056944,36.07056944,-89.3968,-89.3968,12,Motor Vehicle In-Transport,6,Angle,1,Yes,2,Intersection,3,T-Intersection,1,On Roadway,0,None,3,Dark - Lighted,2,Rain,0,No,0000000,Not Applicable,99,Unknown,99,Unknown,99,Unknown EMS Scene Arrival Hour,99,Unknown EMS Scene Arrival Minutes,88,Not Applicable (Not Transported),88,Not Applicable (Not Transported),2
47,Tennessee,470444,0,0,2,2,0,2,2,157,SHELBY (157),1620,MEMPHIS,5,May,27,27,6,Friday,2022,19,7:00pm-7:59pm,14,14,SEMMES ST,SOUTHWALL ST,6,Local Street - Municipality,2,Urban,4,Minor Arterial,4,City or Municipal Highway Agency,0,This section IS NOT on the NHS,0,No Special Jurisdiction,23,23,35.08606111,35.08606111,-89.9663,-89.9663,12,Motor Vehicle In-Transport,6,Angle,0,No,2,Intersection,2,Four-Way Intersection,1,On Roadway,0,None,1,Daylight,1,Clear,0,No,0000000,Not Applicable,99,Unknown,99,Unknown,99,Unknown EMS Scene Arrival Hour,99,Unknown EMS Scene Arrival Minutes,99,Unknown,99,Unknown EMS Hospital Arrival Time,1
47,Tennessee,470445,0,0,2,2,0,2,2,37,DAVIDSON (37),1760,NASHVILLE,5,May,27,27,6,Friday,2022,1,1:00am-1:59am,38,38,I-40,NA,1,Interstate,2,Urban,1,Interstate,1,State Highway Agency,1,This section IS ON the NHS,0,No Special Jurisdiction,43,43,36.07713056,36.07713056,-86.96518056,-86.96518056,12,Motor Vehicle In-Transport,1,Front-to-Rear,0,No,1,Non-Junction,1,Not an Intersection,2,On Shoulder,0,None,2,Dark - Not Lighted,1,Clear,0,No,0000000,Not Applicable,99,Unknown,99,Unknown,99,Unknown EMS Scene Arrival Hour,99,Unknown EMS Scene Arrival Minutes,88,Not Applicable (Not Transported),88,Not Applicable (Not Transported),1
47,Tennessee,470446,0,0,1,1,0,3,3,75,HAYWOOD (75),0,NOT APPLICABLE,5,May,21,21,7,Saturday,2022,19,7:00pm-7:59pm,43,43,CR-SHEPP RD,NA,4,County Road,1,Rural,7,Local,2,County Highway Agency,0,This section IS NOT on the NHS,0,No Special Jurisdiction,52,52,35.50118056,35.50118056,-89.3336,-89.3336,5,Fell/Jumped from Vehicle,0,The First Harmful Event was Not a Collision with a Motor Vehicle in Transport,0,No,1,Non-Junction,1,Not an Intersection,1,On Roadway,0,None,5,Dusk,10,Cloudy,0,No,0000000,Not Applicable,99,Unknown,99,Unknown,99,Unknown EMS Scene Arrival Hour,99,Unknown EMS Scene Arrival Minutes,88,Not Applicable (Not Transported),88,Not Applicable (Not Transported),1
47,Tennessee,470447,0,0,1,1,0,1,1,37,DAVIDSON (37),1760,NASHVILLE,5,May,29,29,1,Sunday,2022,1,1:00am-1:59am,17,17,EWING DR,NA,6,Local Street - Municipality,2,Urban,5,Major Collector,4,City or Municipal Highway Agency,0,This section IS NOT on the NHS,0,No Special Jurisdiction,24,24,36.23013889,36.23013889,-86.77136944,-86.77136944,21,Bridge Pier or Support,0,The First Harmful Event was Not a Collision with a Motor Vehicle in Transport,0,No,1,Non-Junction,1,Not an Intersection,4,On Roadside,0,None,3,Dark - Lighted,1,Clear,0,No,0000000,Not Applicable,99,Unknown,99,Unknown,99,Unknown EMS Scene Arrival Hour,99,Unknown EMS Scene Arrival Minutes,88,Not Applicable (Not Transported),88,Not Applicable (Not Transported),1
47,Tennessee,470448,0,0,2,2,0,2,2,157,SHELBY (157),1620,MEMPHIS,5,May,30,30,2,Monday,2022,7,7:00am-7:59am,1,1,US-64/70 SR-1 DANNY THOMAS BLV,E E H CRUMP BLVD,2,US Highway,2,Urban,3,Principal Arterial - Other,1,State Highway Agency,1,This section IS ON the NHS,0,No Special Jurisdiction,11,11,35.12438056,35.12438056,-90.04695,-90.04695,12,Motor Vehicle In-Transport,1,Front-to-Rear,0,No,2,Intersection,2,Four-Way Intersection,1,On Roadway,0,None,1,Daylight,1,Clear,0,No,0000000,Not Applicable,99,Unknown,99,Unknown,99,Unknown EMS Scene Arrival Hour,99,Unknown EMS Scene Arrival Minutes,99,Unknown,99,Unknown EMS Hospital Arrival Time,1
47,Tennessee,470449,0,0,1,1,0,1,1,157,SHELBY (157),1620,MEMPHIS,5,May,30,30,2,Monday,2022,18,6:00pm-6:59pm,25,25,VOLLINTINE AVE,EVERGREEN ST,6,Local Street - Municipality,2,Urban,5,Major Collector,4,City or Municipal Highway Agency,0,This section IS NOT on the NHS,0,No Special Jurisdiction,9,9,35.16371389,35.16371389,-90.00065556,-90.00065556,30,Utility Pole/Light Support,0,The First Harmful Event was Not a Collision with a Motor Vehicle in Transport,0,No,3,Intersection-Related,2,Four-Way Intersection,4,On Roadside,0,None,1,Daylight,1,Clear,0,No,0000000,Not Applicable,99,Unknown,99,Unknown,99,Unknown EMS Scene Arrival Hour,99,Unknown EMS Scene Arrival Minutes,88,Not Applicable (Not Transported),88,Not Applicable (Not Transported),1
47,Tennessee,470450,1,1,1,1,0,2,2,157,SHELBY (157),1620,MEMPHIS,5,May,26,26,5,Thursday,2022,8,8:00am-8:59am,15,15,SR-175 SHELBY DR,NA,3,State Highway,2,Urban,3,Principal Arterial - Other,1,State Highway Agency,1,This section IS ON the NHS,0,No Special Jurisdiction,50,50,35.02094722,35.02094722,-90.01988889,-90.01988889,8,Pedestrian,0,The First Harmful Event was Not a Collision with a Motor Vehicle in Transport,0,No,1,Non-Junction,1,Not an Intersection,1,On Roadway,0,None,1,Daylight,1,Clear,0,No,0000000,Not Applicable,99,Unknown,99,Unknown,99,Unknown EMS Scene Arrival Hour,99,Unknown EMS Scene Arrival Minutes,99,Unknown,99,Unknown EMS Hospital Arrival Time,1
47,Tennessee,470451,0,0,2,2,0,3,3,157,SHELBY (157),1338,LAKELAND,4,April,29,29,6,Friday,2022,16,4:00pm-4:59pm,9,9,US-70/79 SR-1,EVERGREEN RD,2,US Highway,2,Urban,3,Principal Arterial - Other,1,State Highway Agency,1,This section IS ON the NHS,0,No Special Jurisdiction,247,247,35.26674444,35.26674444,-89.71921667,-89.71921667,12,Motor Vehicle In-Transport,6,Angle,0,No,2,Intersection,3,T-Intersection,1,On Roadway,0,None,1,Daylight,1,Clear,0,No,0000000,Not Applicable,99,Unknown,99,Unknown,99,Unknown EMS Scene Arrival Hour,99,Unknown EMS Scene Arrival Minutes,99,Unknown,99,Unknown EMS Hospital Arrival Time,1
47,Tennessee,470452,0,0,1,1,0,2,2,127,MOORE (127),1470,LYNCHBURG,5,May,29,29,1,Sunday,2022,12,12:00pm-12:59pm,46,46,SR-55 LYNCHBURG HWY,NA,3,State Highway,1,Rural,3,Principal Arterial - Other,1,State Highway Agency,1,This section IS ON the NHS,0,No Special Jurisdiction,31,31,35.30341111,35.30341111,-86.36313056,-86.36313056,42,Tree (Standing Only),0,The First Harmful Event was Not a Collision with a Motor Vehicle in Transport,0,No,1,Non-Junction,1,Not an Intersection,4,On Roadside,0,None,1,Daylight,1,Clear,0,No,0000000,Not Applicable,99,Unknown,99,Unknown,99,Unknown EMS Scene Arrival Hour,99,Unknown EMS Scene Arrival Minutes,99,Unknown,99,Unknown EMS Hospital Arrival Time,1
47,Tennessee,470453,0,0,1,1,0,1,1,77,HENDERSON (77),0,NOT APPLICABLE,6,June,2,2,5,Thursday,2022,5,5:00am-5:59am,40,40,CR-SAND RIDGE RD,NA,4,County Road,1,Rural,6,Minor Collector,2,County Highway Agency,0,This section IS NOT on the NHS,0,No Special Jurisdiction,6,6,35.64758889,35.64758889,-88.53835,-88.53835,42,Tree (Standing Only),0,The First Harmful Event was Not a Collision with a Motor Vehicle in Transport,0,No,1,Non-Junction,1,Not an Intersection,4,On Roadside,0,None,1,Daylight,1,Clear,0,No,0000000,Not Applicable,5,5:00am-5:59am,48,48,6,6:00am-6:59am,0,0,88,Not Applicable (Not Transported),88,Not Applicable (Not Transported),1
47,Tennessee,470454,1,1,1,1,0,2,2,165,SUMNER (165),1970,PORTLAND,5,May,7,7,7,Saturday,2022,20,8:00pm-8:59pm,57,57,SR-109 N BROADWAY,NA,3,State Highway,2,Urban,3,Principal Arterial - Other,1,State Highway Agency,1,This section IS ON the NHS,0,No Special Jurisdiction,202,202,36.59343056,36.59343056,-86.52731111,-86.52731111,9,Pedalcyclist,0,The First Harmful Event was Not a Collision with a Motor Vehicle in Transport,0,No,1,Non-Junction,1,Not an Intersection,1,On Roadway,0,None,3,Dark - Lighted,1,Clear,0,No,0000000,Not Applicable,99,Unknown,99,Unknown,99,Unknown EMS Scene Arrival Hour,99,Unknown EMS Scene Arrival Minutes,99,Unknown,99,Unknown EMS Hospital Arrival Time,1
47,Tennessee,470455,0,0,1,1,0,1,1,187,WILLIAMSON (187),0,NOT APPLICABLE,6,June,3,3,6,Friday,2022,99,Unknown Hours,99,Unknown Minutes,CR-BETHESDA RD,NA,4,County Road,1,Rural,6,Minor Collector,2,County Highway Agency,0,This section IS NOT on the NHS,0,No Special Jurisdiction,6,6,35.7681,35.7681,-86.79998889,-86.79998889,34,Ditch,0,The First Harmful Event was Not a Collision with a Motor Vehicle in Transport,0,No,1,Non-Junction,1,Not an Intersection,4,On Roadside,0,None,1,Daylight,1,Clear,0,No,0000000,Not Applicable,99,Unknown,99,Unknown,99,Unknown EMS Scene Arrival Hour,99,Unknown EMS Scene Arrival Minutes,99,Unknown,99,Unknown EMS Hospital Arrival Time,1
47,Tennessee,470456,0,0,1,1,0,1,1,19,CARTER (19),0,NOT APPLICABLE,6,June,3,3,6,Friday,2022,16,4:00pm-4:59pm,0,0,US-19E SR-37,NA,2,US Highway,1,Rural,4,Minor Arterial,1,State Highway Agency,0,This section IS NOT on the NHS,0,No Special Jurisdiction,135,135,36.24371111,36.24371111,-82.19093056,-82.19093056,42,Tree (Standing Only),0,The First Harmful Event was Not a Collision with a Motor Vehicle in Transport,0,No,1,Non-Junction,1,Not an Intersection,4,On Roadside,0,None,1,Daylight,1,Clear,0,No,0000000,Not Applicable,15,3:00pm-3:59pm,53,53,16,4:00pm-4:59pm,47,47,88,Not Applicable (Not Transported),88,Not Applicable (Not Transported),1
47,Tennessee,470458,1,1,1,1,0,1,1,157,SHELBY (157),1620,MEMPHIS,6,June,4,4,7,Saturday,2022,1,1:00am-1:59am,4,4,US-51 SR-3 S BELLEVUE BLVD,SR-4-LAMAR AVE,2,US Highway,2,Urban,4,Minor Arterial,1,State Highway Agency,0,This section IS NOT on the NHS,0,No Special Jurisdiction,92,92,35.12844444,35.12844444,-90.02096111,-90.02096111,8,Pedestrian,0,The First Harmful Event was Not a Collision with a Motor Vehicle in Transport,0,No,3,Intersection-Related,2,Four-Way Intersection,1,On Roadway,0,None,3,Dark - Lighted,1,Clear,0,No,0000000,Not Applicable,99,Unknown,99,Unknown,99,Unknown EMS Scene Arrival Hour,99,Unknown EMS Scene Arrival Minutes,88,Not Applicable (Not Transported),88,Not Applicable (Not Transported),1
47,Tennessee,470459,0,0,1,1,0,2,2,147,ROBERTSON (147),0,NOT APPLICABLE,5,May,11,11,4,Wednesday,2022,15,3:00pm-3:59pm,19,19,US-41 SR-11,NA,2,US Highway,1,Rural,3,Principal Arterial - Other,1,State Highway Agency,1,This section IS ON the NHS,0,No Special Jurisdiction,137,137,36.54331944,36.54331944,-86.90796111,-86.90796111,53,Mail Box,0,The First Harmful Event was Not a Collision with a Motor Vehicle in Transport,0,No,1,Non-Junction,1,Not an Intersection,4,On Roadside,0,None,1,Daylight,1,Clear,0,No,0000000,Not Applicable,99,Unknown,99,Unknown,99,Unknown EMS Scene Arrival Hour,99,Unknown EMS Scene Arrival Minutes,99,Unknown,99,Unknown EMS Hospital Arrival Time,1
47,Tennessee,470460,0,0,2,2,0,2,2,37,DAVIDSON (37),1760,NASHVILLE,5,May,8,8,1,Sunday,2022,1,1:00am-1:59am,57,57,I-40,NA,1,Interstate,2,Urban,1,Interstate,1,State Highway Agency,1,This section IS ON the NHS,0,No Special Jurisdiction,210,210,36.14366111,36.14366111,-86.73811111,-86.73811111,12,Motor Vehicle In-Transport,1,Front-to-Rear,0,No,1,Non-Junction,1,Not an Intersection,1,On Roadway,0,None,2,Dark - Not Lighted,1,Clear,0,No,0000000,Not Applicable,99,Unknown,99,Unknown,99,Unknown EMS Scene Arrival Hour,99,Unknown EMS Scene Arrival Minutes,99,Unknown,99,Unknown EMS Hospital Arrival Time,1
47,Tennessee,470461,0,0,1,1,0,2,2,147,ROBERTSON (147),0,NOT APPLICABLE,5,May,21,21,7,Saturday,2022,22,10:00pm-10:59pm,57,57,CR-OWENS CHAPEL RD,NA,4,County Road,1,Rural,7,Local,2,County Highway Agency,0,This section IS NOT on the NHS,0,No Special Jurisdiction,30,30,36.51963889,36.51963889,-86.76401111,-86.76401111,53,Mail Box,0,The First Harmful Event was Not a Collision with a Motor Vehicle in Transport,0,No,1,Non-Junction,1,Not an Intersection,4,On Roadside,0,None,2,Dark - Not Lighted,1,Clear,0,No,0000000,Not Applicable,99,Unknown,99,Unknown,99,Unknown EMS Scene Arrival Hour,99,Unknown EMS Scene Arrival Minutes,99,Unknown,99,Unknown EMS Hospital Arrival Time,1
47,Tennessee,470462,0,0,2,2,0,2,2,167,TIPTON (167),0,NOT APPLICABLE,5,May,27,27,6,Friday,2022,16,4:00pm-4:59pm,8,8,SR-206 ATOKA IDAVILLE RD,NA,3,State Highway,1,Rural,5,Major Collector,1,State Highway Agency,0,This section IS NOT on the NHS,0,No Special Jurisdiction,47,47,35.43671111,35.43671111,-89.7393,-89.7393,12,Motor Vehicle In-Transport,2,Front-to-Front,0,No,1,Non-Junction,1,Not an Intersection,1,On Roadway,0,None,1,Daylight,10,Cloudy,0,No,0000000,Not Applicable,99,Unknown,99,Unknown,99,Unknown EMS Scene Arrival Hour,99,Unknown EMS Scene Arrival Minutes,99,Unknown,99,Unknown EMS Hospital Arrival Time,1
47,Tennessee,470463,0,0,1,1,0,2,2,37,DAVIDSON (37),1245,JOELTON,6,June,3,3,6,Friday,2022,18,6:00pm-6:59pm,21,21,US-431 SR-65 WHITES CREEK PK,NA,2,US Highway,1,Rural,3,Principal Arterial - Other,1,State Highway Agency,1,This section IS ON the NHS,0,No Special Jurisdiction,156,156,36.38351944,36.38351944,-86.8963,-86.8963,42,Tree (Standing Only),0,The First Harmful Event was Not a Collision with a Motor Vehicle in Transport,0,No,1,Non-Junction,1,Not an Intersection,4,On Roadside,0,None,1,Daylight,1,Clear,0,No,0000000,Not Applicable,99,Unknown,99,Unknown,99,Unknown EMS Scene Arrival Hour,99,Unknown EMS Scene Arrival Minutes,88,Not Applicable (Not Transported),88,Not Applicable (Not Transported),1
47,Tennessee,470464,1,1,1,1,0,3,3,149,RUTHERFORD (149),1750,MURFREESBORO,6,June,3,3,6,Friday,2022,16,4:00pm-4:59pm,52,52,US-70S SR-1 MERCURY BLVD,NA,2,US Highway,2,Urban,3,Principal Arterial - Other,1,State Highway Agency,1,This section IS ON the NHS,0,No Special Jurisdiction,179,179,35.83706111,35.83706111,-86.37913056,-86.37913056,8,Pedestrian,0,The First Harmful Event was Not a Collision with a Motor Vehicle in Transport,0,No,1,Non-Junction,1,Not an Intersection,1,On Roadway,0,None,1,Daylight,1,Clear,0,No,0000000,Not Applicable,99,Unknown,99,Unknown,99,Unknown EMS Scene Arrival Hour,99,Unknown EMS Scene Arrival Minutes,99,Unknown,99,Unknown EMS Hospital Arrival Time,1
47,Tennessee,470465,0,0,1,1,0,1,1,173,UNION (173),0,NOT APPLICABLE,6,June,5,5,1,Sunday,2022,2,2:00am-2:59am,20,20,CR-WALKER FORD RD,NA,4,County Road,1,Rural,6,Minor Collector,2,County Highway Agency,0,This section IS NOT on the NHS,0,No Special Jurisdiction,52,52,36.27708889,36.27708889,-83.72795,-83.72795,35,Embankment,0,The First Harmful Event was Not a Collision with a Motor Vehicle in Transport,0,No,1,Non-Junction,1,Not an Intersection,4,On Roadside,0,None,2,Dark - Not Lighted,1,Clear,0,No,0000000,Not Applicable,99,Unknown,99,Unknown,99,Unknown EMS Scene Arrival Hour,99,Unknown EMS Scene Arrival Minutes,88,Not Applicable (Not Transported),88,Not Applicable (Not Transported),1
47,Tennessee,470466,0,0,2,2,0,3,3,157,SHELBY (157),1620,MEMPHIS,6,June,2,2,5,Thursday,2022,21,9:00pm-9:59pm,17,17,SWINNEA RD,NA,6,Local Street - Municipality,2,Urban,4,Minor Arterial,4,City or Municipal Highway Agency,0,This section IS NOT on the NHS,0,No Special Jurisdiction,5,5,35.04506944,35.04506944,-89.96395,-89.96395,12,Motor Vehicle In-Transport,6,Angle,0,No,8,Driveway Access Related,1,Not an Intersection,1,On Roadway,0,None,3,Dark - Lighted,1,Clear,0,No,0000000,Not Applicable,99,Unknown,99,Unknown,99,Unknown EMS Scene Arrival Hour,99,Unknown EMS Scene Arrival Minutes,88,Not Applicable (Not Transported),88,Not Applicable (Not Transported),2
47,Tennessee,470467,0,0,1,1,0,1,1,37,DAVIDSON (37),1760,NASHVILLE,6,June,4,4,7,Saturday,2022,15,3:00pm-3:59pm,45,45,I-40 RAMP,NA,1,Interstate,2,Urban,1,Interstate,1,State Highway Agency,1,This section IS ON the NHS,0,No Special Jurisdiction,235,235,36.14478889,36.14478889,-86.69363889,-86.69363889,39,Wall,0,The First Harmful Event was Not a Collision with a Motor Vehicle in Transport,1,Yes,5,Entrance/Exit Ramp Related,1,Not an Intersection,4,On Roadside,0,None,1,Daylight,1,Clear,0,No,0000000,Not Applicable,99,Unknown,99,Unknown,99,Unknown EMS Scene Arrival Hour,99,Unknown EMS Scene Arrival Minutes,88,Not Applicable (Not Transported),88,Not Applicable (Not Transported),1
47,Tennessee,470468,0,0,1,1,0,1,1,21,CHEATHAM (21),0,NOT APPLICABLE,6,June,5,5,1,Sunday,2022,6,6:00am-6:59am,21,21,I-24,NA,1,Interstate,1,Rural,1,Interstate,1,State Highway Agency,1,This section IS ON the NHS,0,No Special Jurisdiction,18,18,36.35626111,36.35626111,-86.94468889,-86.94468889,42,Tree (Standing Only),0,The First Harmful Event was Not a Collision with a Motor Vehicle in Transport,0,No,1,Non-Junction,1,Not an Intersection,3,On Median,0,None,4,Dawn,1,Clear,0,No,0000000,Not Applicable,99,Unknown,99,Unknown,99,Unknown EMS Scene Arrival Hour,99,Unknown EMS Scene Arrival Minutes,88,Not Applicable (Not Transported),88,Not Applicable (Not Transported),1
47,Tennessee,470469,1,1,1,1,0,1,1,37,DAVIDSON (37),1760,NASHVILLE,6,June,8,8,4,Wednesday,2022,20,8:00pm-8:59pm,50,50,I-24 ENT RAMP,NA,1,Interstate,2,Urban,3,Principal Arterial - Other,1,State Highway Agency,1,This section IS ON the NHS,0,No Special Jurisdiction,138,138,36.15436944,36.15436944,-86.75811111,-86.75811111,8,Pedestrian,0,The First Harmful Event was Not a Collision with a Motor Vehicle in Transport,0,No,1,Non-Junction,1,Not an Intersection,1,On Roadway,0,None,2,Dark - Not Lighted,1,Clear,0,No,0000000,Not Applicable,99,Unknown,99,Unknown,99,Unknown EMS Scene Arrival Hour,99,Unknown EMS Scene Arrival Minutes,99,Unknown,99,Unknown EMS Hospital Arrival Time,1
47,Tennessee,470470,0,0,2,2,0,3,3,157,SHELBY (157),1620,MEMPHIS,6,June,7,7,3,Tuesday,2022,11,11:00am-11:59am,3,3,I-55,NA,1,Interstate,2,Urban,1,Interstate,1,State Highway Agency,1,This section IS ON the NHS,0,No Special Jurisdiction,60,60,35.07336667,35.07336667,-90.03103889,-90.03103889,12,Motor Vehicle In-Transport,1,Front-to-Rear,0,No,1,Non-Junction,1,Not an Intersection,1,On Roadway,0,None,1,Daylight,10,Cloudy,0,No,0000000,Not Applicable,99,Unknown,99,Unknown,99,Unknown EMS Scene Arrival Hour,99,Unknown EMS Scene Arrival Minutes,99,Unknown,99,Unknown EMS Hospital Arrival Time,1
47,Tennessee,470471,0,0,2,1,1,1,1,65,HAMILTON (65),400,CHATTANOOGA,6,June,8,8,4,Wednesday,2022,18,6:00pm-6:59pm,28,28,WEBB RD,NA,6,Local Street - Municipality,2,Urban,5,Major Collector,4,City or Municipal Highway Agency,0,This section IS NOT on the NHS,0,No Special Jurisdiction,10,10,35.09617222,35.09617222,-85.18206667,-85.18206667,30,Utility Pole/Light Support,0,The First Harmful Event was Not a Collision with a Motor Vehicle in Transport,0,No,1,Non-Junction,1,Not an Intersection,4,On Roadside,0,None,1,Daylight,1,Clear,0,No,0000000,Not Applicable,99,Unknown,99,Unknown,99,Unknown EMS Scene Arrival Hour,99,Unknown EMS Scene Arrival Minutes,88,Not Applicable (Not Transported),88,Not Applicable (Not Transported),1
47,Tennessee,470472,0,0,1,1,0,2,2,37,DAVIDSON (37),1760,NASHVILLE,5,May,11,11,4,Wednesday,2022,23,11:00pm-11:59pm,25,25,US-31A/41A SR-11 DICKERSON PK,NA,2,US Highway,2,Urban,3,Principal Arterial - Other,1,State Highway Agency,1,This section IS ON the NHS,0,No Special Jurisdiction,174,174,36.24073889,36.24073889,-86.75736944,-86.75736944,1,Rollover/Overturn,0,The First Harmful Event was Not a Collision with a Motor Vehicle in Transport,1,Yes,5,Entrance/Exit Ramp Related,1,Not an Intersection,1,On Roadway,0,None,3,Dark - Lighted,1,Clear,0,No,0000000,Not Applicable,99,Unknown,99,Unknown,99,Unknown EMS Scene Arrival Hour,99,Unknown EMS Scene Arrival Minutes,99,Unknown,99,Unknown EMS Hospital Arrival Time,1
47,Tennessee,470473,0,0,1,1,0,1,1,77,HENDERSON (77),0,NOT APPLICABLE,5,May,13,13,6,Friday,2022,11,11:00am-11:59am,30,30,CR-MITCHELL RD,NA,4,County Road,1,Rural,7,Local,2,County Highway Agency,0,This section IS NOT on the NHS,0,No Special Jurisdiction,2,2,35.43093889,35.43093889,-88.25885,-88.25885,42,Tree (Standing Only),0,The First Harmful Event was Not a Collision with a Motor Vehicle in Transport,0,No,1,Non-Junction,1,Not an Intersection,4,On Roadside,0,None,1,Daylight,1,Clear,0,No,0000000,Not Applicable,99,Unknown,99,Unknown,99,Unknown EMS Scene Arrival Hour,99,Unknown EMS Scene Arrival Minutes,99,Unknown,99,Unknown EMS Hospital Arrival Time,1
47,Tennessee,470474,0,0,1,1,0,1,1,123,MONROE (123),2369,SWEETWATER,5,May,31,31,3,Tuesday,2022,19,7:00pm-7:59pm,23,23,SR-68,NA,3,State Highway,2,Urban,3,Principal Arterial - Other,1,State Highway Agency,1,This section IS ON the NHS,0,No Special Jurisdiction,4,4,35.59856111,35.59856111,-84.51348889,-84.51348889,5,Fell/Jumped from Vehicle,0,The First Harmful Event was Not a Collision with a Motor Vehicle in Transport,0,No,1,Non-Junction,1,Not an Intersection,1,On Roadway,0,None,1,Daylight,1,Clear,0,No,0000000,Not Applicable,99,Unknown,99,Unknown,99,Unknown EMS Scene Arrival Hour,99,Unknown EMS Scene Arrival Minutes,99,Unknown,99,Unknown EMS Hospital Arrival Time,1