STATE,STATENAME,ST_CASE,PEDS,PERNOTMVIT,VE_TOTAL,VE_FORMS,PVH_INVL,PERSONS,PERMVIT,COUNTY,COUNTYNAME,CITY,CITYNAME,MONTH,MONTHNAME,DAY,DAYNAME,DAY_WEEK,DAY_WEEKNAME,YEAR,HOUR,HOURNAME,MINUTE,MINUTENAME,TWAY_ID,TWAY_ID2,ROUTE,ROUTENAME,RUR_URB,RUR_URBNAME,FUNC_SYS,FUNC_SYSNAME,RD_OWNER,RD_OWNERNAME,NHS,NHSNAME,SP_JUR,SP_JURNAME,MILEPT,MILEPTNAME,LATITUDE,LATITUDENAME,LONGITUD,LONGITUDNAME,HARM_EV,HARM_EVNAME,MAN_COLL,MAN_COLLNAME,RELJCT1,RELJCT1NAME,RELJCT2,RELJCT2NAME,TYP_INT,TYP_INTNAME,REL_ROAD,REL_ROADNAME,WRK_ZONE,WRK_ZONENAME,LGT_COND,LGT_CONDNAME,WEATHER,WEATHERNAME,SCH_BUS,SCH_BUSNAME,RAIL,RAILNAME,NOT_HOUR,NOT_HOURNAME,NOT_MIN,NOT_MINNAME,ARR_HOUR,ARR_HOURNAME,ARR_MIN,ARR_MINNAME,HOSP_HR,HOSP_HRNAME,HOSP_MN,HOSP_MNNAME,FATALS
47,Tennessee,470550,0,0,2,2,0,2,2,157,SHELBY (157),1620,MEMPHIS,6,June,27,27,2,Monday,2022,20,8:00pm-8:59pm,10,10,NATIONAL ST,COLEMAN AVE,6,Local Street - Municipality,2,Urban,4,Minor Arterial,4,City or Municipal Highway Agency,0,This section IS NOT on the NHS,0,No Special Jurisdiction,13,13,35.15579722,35.15579722,-89.94768056,-89.94768056,12,Motor Vehicle In-Transport,6,Angle,0,No,2,Intersection,2,Four-Way Intersection,1,On Roadway,0,None,5,Dusk,1,Clear,0,No,0000000,Not Applicable,99,Unknown,99,Unknown,99,Unknown EMS Scene Arrival Hour,99,Unknown EMS Scene Arrival Minutes,99,Unknown,99,Unknown EMS Hospital Arrival Time,1
47,Tennessee,470551,0,0,2,2,0,5,5,37,DAVIDSON (37),1760,NASHVILLE,6,June,26,26,1,Sunday,2022,20,8:00pm-8:59pm,22,22,40TH AVE N,ALBION ST,6,Local Street - Municipality,2,Urban,5,Major Collector,4,City or Municipal Highway Agency,0,This section IS NOT on the NHS,0,No Special Jurisdiction,6,6,36.16153056,36.16153056,-86.83631944,-86.83631944,12,Motor Vehicle In-Transport,6,Angle,0,No,2,Intersection,2,Four-Way Intersection,1,On Roadway,0,None,5,Dusk,1,Clear,0,No,0000000,Not Applicable,99,Unknown,99,Unknown,99,Unknown EMS Scene Arrival Hour,99,Unknown EMS Scene Arrival Minutes,99,Unknown,99,Unknown EMS Hospital Arrival Time,1
47,Tennessee,470552,0,0,1,1,0,1,1,85,HUMPHREYS (85),0,NOT APPLICABLE,6,June,9,9,5,Thursday,2022,17,5:00pm-5:59pm,15,15,SR-231 ERIN RD,NA,3,State Highway,1,Rural,5,Major Collector,1,State Highway Agency,0,This section IS NOT on the NHS,0,No Special Jurisdiction,45,45,36.16203056,36.16203056,-87.65365,-87.65365,42,Tree (Standing Only),0,The First Harmful Event was Not a Collision with a Motor Vehicle in Transport,0,No,1,Non-Junction,1,Not an Intersection,5,Outside Trafficway,0,None,1,Daylight,1,Clear,0,No,0000000,Not Applicable,99,Unknown,99,Unknown,99,Unknown EMS Scene Arrival Hour,99,Unknown EMS Scene Arrival Minutes,99,Unknown,99,Unknown EMS Hospital Arrival Time,1
47,Tennessee,470553,0,0,2,2,0,2,2,63,HAMBLEN (63),0,NOT APPLICABLE,7,July,1,1,6,Friday,2022,4,4:00am-4:59am,9,9,I-81,NA,1,Interstate,1,Rural,1,Interstate,1,State Highway Agency,1,This section IS ON the NHS,0,No Special Jurisdiction,40,40,36.1634,36.1634,-83.22641111,-83.22641111,12,Motor Vehicle In-Transport,1,Front-to-Rear,0,No,1,Non-Junction,1,Not an Intersection,1,On Roadway,0,None,2,Dark - Not Lighted,1,Clear,0,No,0000000,Not Applicable,99,Unknown,99,Unknown,99,Unknown EMS Scene Arrival Hour,99,Unknown EMS Scene Arrival Minutes,99,Unknown,99,Unknown EMS Hospital Arrival Time,1
47,Tennessee,470554,0,0,1,1,0,1,1,187,WILLIAMSON (187),0,NOT APPLICABLE,6,June,27,27,2,Monday,2022,6,6:00am-6:59am,34,34,I-65,NA,1,Interstate,2,Urban,1,Interstate,1,State Highway Agency,1,This section IS ON the NHS,0,No Special Jurisdiction,55,55,35.81478889,35.81478889,-86.84373889,-86.84373889,1,Rollover/Overturn,0,The First Harmful Event was Not a Collision with a Motor Vehicle in Transport,0,No,1,Non-Junction,1,Not an Intersection,4,On Roadside,0,None,1,Daylight,1,Clear,0,No,0000000,Not Applicable,99,Unknown,99,Unknown,99,Unknown EMS Scene Arrival Hour,99,Unknown EMS Scene Arrival Minutes,88,Not Applicable (Not Transported),88,Not Applicable (Not Transported),1
47,Tennessee,470555,0,0,1,1,0,1,1,165,SUMNER (165),890,GALLATIN,7,July,2,2,7,Saturday,2022,0,0:00am-0:59am,11,11,SR-174 LONG HOLLOW PK,NA,3,State Highway,2,Urban,3,Principal Arterial - Other,1,State Highway Agency,1,This section IS ON the NHS,0,No Special Jurisdiction,137,137,36.38658056,36.38658056,-86.49033889,-86.49033889,33,Curb,0,The First Harmful Event was Not a Collision with a Motor Vehicle in Transport,0,No,1,Non-Junction,1,Not an Intersection,4,On Roadside,0,None,3,Dark - Lighted,10,Cloudy,0,No,0000000,Not Applicable,99,Unknown,99,Unknown,99,Unknown EMS Scene Arrival Hour,99,Unknown EMS Scene Arrival Minutes,88,Not Applicable (Not Transported),88,Not Applicable (Not Transported),1
47,Tennessee,470556,0,0,2,2,0,2,2,179,WASHINGTON (179),1250,JOHNSON CITY,7,July,1,1,6,Friday,2022,14,2:00pm-2:59pm,10,10,SR-67,NA,3,State Highway,2,Urban,4,Minor Arterial,1,State Highway Agency,0,This section IS NOT on the NHS,0,No Special Jurisdiction,55,55,36.26475556,36.26475556,-82.40349722,-82.40349722,12,Motor Vehicle In-Transport,6,Angle,0,No,8,Driveway Access Related,1,Not an Intersection,1,On Roadway,0,None,1,Daylight,1,Clear,0,No,0000000,Not Applicable,99,Unknown,99,Unknown,99,Unknown EMS Scene Arrival Hour,99,Unknown EMS Scene Arrival Minutes,88,Not Applicable (Not Transported),88,Not Applicable (Not Transported),1
47,Tennessee,470557,1,1,1,1,0,1,1,157,SHELBY (157),1620,MEMPHIS,7,July,2,2,7,Saturday,2022,99,Unknown Hours,99,Unknown Minutes,N HOLLYWOOD ST,NA,6,Local Street - Municipality,2,Urban,4,Minor Arterial,4,City or Municipal Highway Agency,0,This section IS NOT on the NHS,0,No Special Jurisdiction,30,30,35.15825,35.15825,-89.97627222,-89.97627222,8,Pedestrian,0,The First Harmful Event was Not a Collision with a Motor Vehicle in Transport,0,No,1,Non-Junction,1,Not an Intersection,1,On Roadway,0,None,3,Dark - Lighted,1,Clear,0,No,0000000,Not Applicable,99,Unknown,99,Unknown,99,Unknown EMS Scene Arrival Hour,99,Unknown EMS Scene Arrival Minutes,99,Unknown,99,Unknown EMS Hospital Arrival Time,1
47,Tennessee,470558,0,0,1,1,0,1,1,79,HENRY (79),0,NOT APPLICABLE,6,June,30,30,5,Thursday,2022,15,3:00pm-3:59pm,25,25,US-641 SR-69,NA,2,US Highway,1,Rural,3,Principal Arterial - Other,1,State Highway Agency,1,This section IS ON the NHS,0,No Special Jurisdiction,61,61,36.2579,36.2579,-88.1979,-88.1979,42,Tree (Standing Only),0,The First Harmful Event was Not a Collision with a Motor Vehicle in Transport,0,No,1,Non-Junction,1,Not an Intersection,4,On Roadside,0,None,1,Daylight,1,Clear,0,No,0000000,Not Applicable,99,Unknown,99,Unknown,99,Unknown EMS Scene Arrival Hour,99,Unknown EMS Scene Arrival Minutes,99,Unknown,99,Unknown EMS Hospital Arrival Time,1
47,Tennessee,470559,0,0,2,2,0,2,2,91,JOHNSON (91),0,NOT APPLICABLE,6,June,30,30,5,Thursday,2022,6,6:00am-6:59am,34,34,US-421 SR-34,NA,2,US Highway,1,Rural,4,Minor Arterial,1,State Highway Agency,0,This section IS NOT on the NHS,0,No Special Jurisdiction,217,217,36.37735,36.37735,-81.76046944,-81.76046944,12,Motor Vehicle In-Transport,6,Angle,0,No,1,Non-Junction,1,Not an Intersection,1,On Roadway,0,None,4,Dawn,10,Cloudy,0,No,0000000,Not Applicable,6,6:00am-6:59am,22,22,99,Unknown EMS Scene Arrival Hour,99,Unknown EMS Scene Arrival Minutes,88,Not Applicable (Not Transported),88,Not Applicable (Not Transported),1
47,Tennessee,470560,0,0,1,1,0,1,1,19,CARTER (19),0,NOT APPLICABLE,6,June,30,30,5,Thursday,2022,22,10:00pm-10:59pm,25,25,CR-GAP CREEK RD,NA,4,County Road,2,Urban,5,Major Collector,2,County Highway Agency,0,This section IS NOT on the NHS,0,No Special Jurisdiction,27,27,36.31358056,36.31358056,-82.24028056,-82.24028056,24,Guardrail Face,0,The First Harmful Event was Not a Collision with a Motor Vehicle in Transport,0,No,1,Non-Junction,1,Not an Intersection,4,On Roadside,0,None,2,Dark - Not Lighted,1,Clear,0,No,0000000,Not Applicable,22,10:00pm-10:59pm,28,28,23,11:00pm-11:59pm,6,6,88,Not Applicable (Not Transported),88,Not Applicable (Not Transported),1
47,Tennessee,470561,0,0,2,2,0,2,2,167,TIPTON (167),0,NOT APPLICABLE,6,June,25,25,7,Saturday,2022,99,Unknown Hours,99,Unknown Minutes,SR-59,NA,3,State Highway,1,Rural,4,Minor Arterial,1,State Highway Agency,0,This section IS NOT on the NHS,0,No Special Jurisdiction,243,243,35.49895,35.49895,-89.60136111,-89.60136111,12,Motor Vehicle In-Transport,2,Front-to-Front,0,No,1,Non-Junction,1,Not an Intersection,1,On Roadway,0,None,3,Dark - Lighted,99,Reported as Unknown,0,No,0000000,Not Applicable,99,Unknown,99,Unknown,99,Unknown EMS Scene Arrival Hour,99,Unknown EMS Scene Arrival Minutes,99,Unknown,99,Unknown EMS Hospital Arrival Time,1
47,Tennessee,470562,0,0,2,2,0,2,2,183,WEAKLEY (183),1560,MARTIN,7,July,1,1,6,Friday,2022,10,10:00am-10:59am,24,24,SR-431 MAIN ST,NA,3,State Highway,2,Urban,4,Minor Arterial,1,State Highway Agency,0,This section IS NOT on the NHS,0,No Special Jurisdiction,4,4,36.32638056,36.32638056,-88.80755,-88.80755,12,Motor Vehicle In-Transport,6,Angle,0,No,8,Driveway Access Related,1,Not an Intersection,1,On Roadway,0,None,1,Daylight,1,Clear,0,No,0000000,Not Applicable,10,10:00am-10:59am,30,30,10,10:00am-10:59am,40,40,10,10:00am-10:59am,55,55,1
47,Tennessee,470563,0,0,1,1,0,1,1,5,BENTON (5),0,NOT APPLICABLE,6,June,24,24,6,Friday,2022,23,11:00pm-11:59pm,3,3,CR-SAWYERS MILL RD,NA,4,County Road,1,Rural,6,Minor Collector,2,County Highway Agency,0,This section IS NOT on the NHS,0,No Special Jurisdiction,19,19,36.00841111,36.00841111,-88.17416111,-88.17416111,34,Ditch,0,The First Harmful Event was Not a Collision with a Motor Vehicle in Transport,0,No,1,Non-Junction,1,Not an Intersection,4,On Roadside,0,None,2,Dark - Not Lighted,1,Clear,0,No,0000000,Not Applicable,99,Unknown,99,Unknown,99,Unknown EMS Scene Arrival Hour,99,Unknown EMS Scene Arrival Minutes,99,Unknown,99,Unknown EMS Hospital Arrival Time,1
47,Tennessee,470564,0,0,1,1,0,1,1,163,SULLIVAN (163),0,NOT APPLICABLE,7,July,2,2,7,Saturday,2022,20,8:00pm-8:59pm,50,50,CR-BULLOCK HOLLOW RD,NA,4,County Road,1,Rural,7,Local,2,County Highway Agency,0,This section IS NOT on the NHS,0,No Special Jurisdiction,2,2,36.52174167,36.52174167,-82.15821389,-82.15821389,41,Shrubbery,0,The First Harmful Event was Not a Collision with a Motor Vehicle in Transport,0,No,1,Non-Junction,1,Not an Intersection,4,On Roadside,0,None,2,Dark - Not Lighted,1,Clear,0,No,0000000,Not Applicable,99,Unknown,99,Unknown,99,Unknown EMS Scene Arrival Hour,99,Unknown EMS Scene Arrival Minutes,99,Unknown,99,Unknown EMS Hospital Arrival Time,1
47,Tennessee,470565,0,0,1,1,0,2,2,125,MONTGOMERY (125),410,CLARKSVILLE,7,July,3,3,1,Sunday,2022,2,2:00am-2:59am,41,41,US-79 SR-76 DOVER RD,NA,2,US Highway,2,Urban,4,Minor Arterial,1,State Highway Agency,0,This section IS NOT on the NHS,0,No Special Jurisdiction,124,124,36.55060833,36.55060833,-87.40828056,-87.40828056,30,Utility Pole/Light Support,0,The First Harmful Event was Not a Collision with a Motor Vehicle in Transport,0,No,1,Non-Junction,1,Not an Intersection,4,On Roadside,0,None,3,Dark - Lighted,1,Clear,0,No,0000000,Not Applicable,3,3:00am-3:59am,0,0,3,3:00am-3:59am,15,15,3,3:00am-3:59am,50,50,1
47,Tennessee,470566,0,0,2,2,0,2,2,165,SUMNER (165),890,GALLATIN,7,July,4,4,2,Monday,2022,0,0:00am-0:59am,30,30,SR-386 VIETNAM VETERANS BLVD,NA,3,State Highway,2,Urban,2,Principal Arterial - Other Freeways and Expressways,1,State Highway Agency,1,This section IS ON the NHS,0,No Special Jurisdiction,106,106,36.36616944,36.36616944,-86.51933889,-86.51933889,12,Motor Vehicle In-Transport,2,Front-to-Front,0,No,1,Non-Junction,1,Not an Intersection,1,On Roadway,0,None,2,Dark - Not Lighted,10,Cloudy,0,No,0000000,Not Applicable,0,0:00am-0:59am,30,30,0,0:00am-0:59am,45,45,1,1:00am-1:59am,0,0,1
47,Tennessee,470567,0,0,1,1,0,1,1,157,SHELBY (157),1620,MEMPHIS,7,July,3,3,1,Sunday,2022,11,11:00am-11:59am,48,48,US-61 SR-14 S THIRD ST,E BELZ BLVD,2,US Highway,2,Urban,3,Principal Arterial - Other,1,State Highway Agency,1,This section IS ON the NHS,0,No Special Jurisdiction,86,86,35.09618333,35.09618333,-90.05578056,-90.05578056,43,Other Fixed Object,0,The First Harmful Event was Not a Collision with a Motor Vehicle in Transport,0,No,3,Intersection-Related,2,Four-Way Intersection,4,On Roadside,0,None,1,Daylight,1,Clear,0,No,0000000,Not Applicable,12,12:00pm-12:59pm,0,0,12,12:00pm-12:59pm,26,26,88,Not Applicable (Not Transported),88,Not Applicable (Not Transported),1
47,Tennessee,470568,0,0,2,2,0,5,5,157,SHELBY (157),1620,MEMPHIS,7,July,3,3,1,Sunday,2022,22,10:00pm-10:59pm,25,25,SR-177 GERMANTOWN RD,DEXTER RD,3,State Highway,2,Urban,3,Principal Arterial - Other,1,State Highway Agency,1,This section IS ON the NHS,0,No Special Jurisdiction,86,86,35.17331389,35.17331389,-89.79300556,-89.79300556,12,Motor Vehicle In-Transport,6,Angle,0,No,2,Intersection,2,Four-Way Intersection,1,On Roadway,0,None,3,Dark - Lighted,1,Clear,0,No,0000000,Not Applicable,99,Unknown,99,Unknown,99,Unknown EMS Scene Arrival Hour,99,Unknown EMS Scene Arrival Minutes,99,Unknown,99,Unknown EMS Hospital Arrival Time,1
47,Tennessee,470569,0,0,2,2,0,2,2,159,SMITH (159),2275,SOUTH CARTHAGE,6,June,25,25,7,Saturday,2022,8,8:00am-8:59am,32,32,US-70N SR-24 COOKEVILLE HWY,NA,2,US Highway,1,Rural,4,Minor Arterial,1,State Highway Agency,0,This section IS NOT on the NHS,0,No Special Jurisdiction,116,116,36.23553889,36.23553889,-85.94191111,-85.94191111,12,Motor Vehicle In-Transport,2,Front-to-Front,0,No,1,Non-Junction,1,Not an Intersection,1,On Roadway,0,None,1,Daylight,1,Clear,0,No,0000000,Not Applicable,99,Unknown,99,Unknown,99,Unknown EMS Scene Arrival Hour,99,Unknown EMS Scene Arrival Minutes,99,Unknown,99,Unknown EMS Hospital Arrival Time,1
47,Tennessee,470570,0,0,3,3,0,5,5,157,SHELBY (157),0,NOT APPLICABLE,6,June,28,28,3,Tuesday,2022,23,11:00pm-11:59pm,12,12,US-51 SR-3,NA,2,US Highway,2,Urban,3,Principal Arterial - Other,1,State Highway Agency,1,This section IS ON the NHS,0,No Special Jurisdiction,221,221,35.27548889,35.27548889,-89.98013889,-89.98013889,12,Motor Vehicle In-Transport,6,Angle,0,No,1,Non-Junction,1,Not an Intersection,1,On Roadway,0,None,2,Dark - Not Lighted,1,Clear,0,No,0000000,Not Applicable,99,Unknown,99,Unknown,99,Unknown EMS Scene Arrival Hour,99,Unknown EMS Scene Arrival Minutes,99,Unknown,99,Unknown EMS Hospital Arrival Time,1
47,Tennessee,470571,0,0,1,1,0,1,1,19,CARTER (19),760,ELIZABETHTON,7,July,4,4,2,Monday,2022,23,11:00pm-11:59pm,5,5,US-19E-321 SR-037,PETER HAMPTON DR,2,US Highway,2,Urban,3,Principal Arterial - Other,1,State Highway Agency,1,This section IS ON the NHS,0,No Special Jurisdiction,210,210,36.33948889,36.33948889,-82.20646944,-82.20646944,19,Building,0,The First Harmful Event was Not a Collision with a Motor Vehicle in Transport,0,No,3,Intersection-Related,11,Other Intersection Type,5,Outside Trafficway,0,None,3,Dark - Lighted,10,Cloudy,0,No,0000000,Not Applicable,99,Unknown,99,Unknown,99,Unknown EMS Scene Arrival Hour,99,Unknown EMS Scene Arrival Minutes,99,Unknown,99,Unknown EMS Hospital Arrival Time,1
47,Tennessee,470573,0,0,1,1,0,3,3,157,SHELBY (157),1620,MEMPHIS,7,July,4,4,2,Monday,2022,21,9:00pm-9:59pm,18,18,MILL BRANCH RD,NA,6,Local Street - Municipality,2,Urban,4,Minor Arterial,4,City or Municipal Highway Agency,0,This section IS NOT on the NHS,0,No Special Jurisdiction,52,52,35.07020556,35.07020556,-90.00716389,-90.00716389,44,"Pavement Surface Irregularity (Ruts, Potholes, Grates, etc.)",0,The First Harmful Event was Not a Collision with a Motor Vehicle in Transport,0,No,1,Non-Junction,1,Not an Intersection,1,On Roadway,0,None,3,Dark - Lighted,1,Clear,0,No,0000000,Not Applicable,21,9:00pm-9:59pm,25,25,21,9:00pm-9:59pm,35,35,88,Not Applicable (Not Transported),88,Not Applicable (Not Transported),1
47,Tennessee,470574,0,0,2,2,0,2,2,75,HAYWOOD (75),0,NOT APPLICABLE,6,June,29,29,4,Wednesday,2022,9,9:00am-9:59am,56,56,SR-54 OLD TURNPIKE RD,NA,3,State Highway,1,Rural,4,Minor Arterial,1,State Highway Agency,0,This section IS NOT on the NHS,0,No Special Jurisdiction,10,10,35.57518889,35.57518889,-89.46758056,-89.46758056,12,Motor Vehicle In-Transport,2,Front-to-Front,0,No,1,Non-Junction,1,Not an Intersection,1,On Roadway,0,None,1,Daylight,1,Clear,0,No,0000000,Not Applicable,99,Unknown,99,Unknown,99,Unknown EMS Scene Arrival Hour,99,Unknown EMS Scene Arrival Minutes,99,Unknown,99,Unknown EMS Hospital Arrival Time,1
47,Tennessee,470575,1,1,1,1,0,1,1,25,CLAIBORNE (25),0,NOT APPLICABLE,7,July,4,4,2,Monday,2022,14,2:00pm-2:59pm,28,28,SR-33,NA,3,State Highway,1,Rural,4,Minor Arterial,1,State Highway Agency,0,This section IS NOT on the NHS,0,No Special Jurisdiction,37,37,36.39183889,36.39183889,-83.70211111,-83.70211111,8,Pedestrian,0,The First Harmful Event was Not a Collision with a Motor Vehicle in Transport,0,No,1,Non-Junction,1,Not an Intersection,1,On Roadway,0,None,1,Daylight,1,Clear,0,No,0000000,Not Applicable,99,Unknown,99,Unknown,99,Unknown EMS Scene Arrival Hour,99,Unknown EMS Scene Arrival Minutes,99,Unknown,99,Unknown EMS Hospital Arrival Time,1
47,Tennessee,470576,0,0,2,2,0,2,2,37,DAVIDSON (37),1760,NASHVILLE,7,July,2,2,7,Saturday,2022,18,6:00pm-6:59pm,12,12,SR-171 OLD HICKORY BLVD,NA,3,State Highway,2,Urban,4,Minor Arterial,1,State Highway Agency,0,This section IS NOT on the NHS,0,No Special Jurisdiction,5,5,36.02128056,36.02128056,-86.61671111,-86.61671111,12,Motor Vehicle In-Transport,2,Front-to-Front,0,No,1,Non-Junction,1,Not an Intersection,1,On Roadway,0,None,1,Daylight,1,Clear,0,No,0000000,Not Applicable,99,Unknown,99,Unknown,99,Unknown EMS Scene Arrival Hour,99,Unknown EMS Scene Arrival Minutes,99,Unknown,99,Unknown EMS Hospital Arrival Time,1
47,Tennessee,470577,0,0,1,1,0,1,1,91,JOHNSON (91),0,NOT APPLICABLE,3,March,5,5,7,Saturday,2022,13,1:00pm-1:59pm,56,56,US-421 SR-34,NA,2,US Highway,1,Rural,4,Minor Arterial,1,State Highway Agency,0,This section IS NOT on the NHS,0,No Special Jurisdiction,9,9,36.53311944,36.53311944,-81.94583056,-81.94583056,34,Ditch,0,The First Harmful Event was Not a Collision with a Motor Vehicle in Transport,0,No,1,Non-Junction,1,Not an Intersection,4,On Roadside,0,None,1,Daylight,1,Clear,0,No,0000000,Not Applicable,13,1:00pm-1:59pm,56,56,14,2:00pm-2:59pm,8,8,14,2:00pm-2:59pm,19,19,1
47,Tennessee,470578,0,0,1,1,0,2,2,119,MAURY (119),0,NOT APPLICABLE,7,July,2,2,7,Saturday,2022,16,4:00pm-4:59pm,30,30,CR-OLD WILLIAMSPORT PK,NA,4,County Road,2,Urban,7,Local,2,County Highway Agency,0,This section IS NOT on the NHS,0,No Special Jurisdiction,20,20,35.62595,35.62595,-87.0724,-87.0724,30,Utility Pole/Light Support,0,The First Harmful Event was Not a Collision with a Motor Vehicle in Transport,0,No,1,Non-Junction,1,Not an Intersection,4,On Roadside,0,None,1,Daylight,1,Clear,0,No,0000000,Not Applicable,99,Unknown,99,Unknown,99,Unknown EMS Scene Arrival Hour,99,Unknown EMS Scene Arrival Minutes,99,Unknown,99,Unknown EMS Hospital Arrival Time,2
47,Tennessee,470579,0,0,2,2,0,2,2,157,SHELBY (157),1620,MEMPHIS,7,July,5,5,3,Tuesday,2022,20,8:00pm-8:59pm,30,30,US-78 SR-4 LAMAR AVE,KNIGHT ARNOLD RD,2,US Highway,2,Urban,3,Principal Arterial - Other,1,State Highway Agency,1,This section IS ON the NHS,0,No Special Jurisdiction,60,60,35.06478611,35.06478611,-89.94118889,-89.94118889,12,Motor Vehicle In-Transport,6,Angle,0,No,2,Intersection,2,Four-Way Intersection,1,On Roadway,0,None,3,Dark - Lighted,1,Clear,0,No,0000000,Not Applicable,99,Unknown,99,Unknown,99,Unknown EMS Scene Arrival Hour,99,Unknown EMS Scene Arrival Minutes,88,Not Applicable (Not Transported),88,Not Applicable (Not Transported),1
47,Tennessee,470580,1,1,1,1,0,2,2,125,MONTGOMERY (125),410,CLARKSVILLE,7,July,6,6,4,Wednesday,2022,21,9:00pm-9:59pm,11,11,US-79 SR-13 WILMA RUDOLPH BLVD,NA,2,US Highway,2,Urban,3,Principal Arterial - Other,1,State Highway Agency,1,This section IS ON the NHS,0,No Special Jurisdiction,265,265,36.59756111,36.59756111,-87.285175,-87.285175,8,Pedestrian,0,The First Harmful Event was Not a Collision with a Motor Vehicle in Transport,0,No,1,Non-Junction,1,Not an Intersection,1,On Roadway,0,None,3,Dark - Lighted,1,Clear,0,No,0000000,Not Applicable,99,Unknown,99,Unknown,99,Unknown EMS Scene Arrival Hour,99,Unknown EMS Scene Arrival Minutes,88,Not Applicable (Not Transported),88,Not Applicable (Not Transported),1
47,Tennessee,470581,0,0,2,2,0,2,2,93,KNOX (93),0,NOT APPLICABLE,4,April,29,29,6,Friday,2022,2,2:00am-2:59am,35,35,SR-62 OAK RIDGE HWY,CR-BURCHFIELD DR,3,State Highway,2,Urban,3,Principal Arterial - Other,1,State Highway Agency,1,This section IS ON the NHS,0,No Special Jurisdiction,5,5,35.988,35.988,-84.18828889,-84.18828889,12,Motor Vehicle In-Transport,6,Angle,1,Yes,2,Intersection,3,T-Intersection,1,On Roadway,0,None,2,Dark - Not Lighted,1,Clear,0,No,0000000,Not Applicable,99,Unknown,99,Unknown,99,Unknown EMS Scene Arrival Hour,99,Unknown EMS Scene Arrival Minutes,99,Unknown,99,Unknown EMS Hospital Arrival Time,1
47,Tennessee,470582,0,0,2,2,0,3,3,187,WILLIAMSON (187),0,NOT APPLICABLE,6,June,28,28,3,Tuesday,2022,11,11:00am-11:59am,4,4,US-431 SR-106 LEWISBURG PK,NA,2,US Highway,1,Rural,3,Principal Arterial - Other,1,State Highway Agency,1,This section IS ON the NHS,0,No Special Jurisdiction,14,14,35.74458889,35.74458889,-86.83828889,-86.83828889,12,Motor Vehicle In-Transport,2,Front-to-Front,0,No,1,Non-Junction,1,Not an Intersection,1,On Roadway,0,None,1,Daylight,1,Clear,0,No,0000000,Not Applicable,99,Unknown,99,Unknown,99,Unknown EMS Scene Arrival Hour,99,Unknown EMS Scene Arrival Minutes,99,Unknown,99,Unknown EMS Hospital Arrival Time,1
47,Tennessee,470583,0,0,1,1,0,5,5,111,MACON (111),0,NOT APPLICABLE,7,July,5,5,3,Tuesday,2022,19,7:00pm-7:59pm,45,45,SR-10 HARTSVILLE RD,NA,3,State Highway,1,Rural,4,Minor Arterial,1,State Highway Agency,0,This section IS NOT on the NHS,0,No Special Jurisdiction,22,22,36.45846944,36.45846944,-86.04643056,-86.04643056,35,Embankment,0,The First Harmful Event was Not a Collision with a Motor Vehicle in Transport,0,No,1,Non-Junction,1,Not an Intersection,4,On Roadside,0,None,1,Daylight,1,Clear,0,No,0000000,Not Applicable,99,Unknown,99,Unknown,99,Unknown EMS Scene Arrival Hour,99,Unknown EMS Scene Arrival Minutes,99,Unknown,99,Unknown EMS Hospital Arrival Time,1
47,Tennessee,470584,0,0,1,1,0,2,2,61,GRUNDY (61),1033,GRUETLI,7,July,4,4,2,Monday,2022,13,1:00pm-1:59pm,29,29,SR-108,NA,3,State Highway,1,Rural,4,Minor Arterial,4,City or Municipal Highway Agency,0,This section IS NOT on the NHS,0,No Special Jurisdiction,84,84,35.36906944,35.36906944,-85.63920833,-85.63920833,42,Tree (Standing Only),0,The First Harmful Event was Not a Collision with a Motor Vehicle in Transport,0,No,1,Non-Junction,1,Not an Intersection,4,On Roadside,0,None,1,Daylight,99,Reported as Unknown,0,No,0000000,Not Applicable,99,Unknown,99,Unknown,99,Unknown EMS Scene Arrival Hour,99,Unknown EMS Scene Arrival Minutes,99,Unknown,99,Unknown EMS Hospital Arrival Time,2
47,Tennessee,470585,0,0,2,2,0,2,2,165,SUMNER (165),0,NOT APPLICABLE,7,July,6,6,4,Wednesday,2022,15,3:00pm-3:59pm,41,41,US-231/31E SR-6,NA,2,US Highway,1,Rural,3,Principal Arterial - Other,1,State Highway Agency,1,This section IS ON the NHS,0,No Special Jurisdiction,299,299,36.53436944,36.53436944,-86.24578889,-86.24578889,12,Motor Vehicle In-Transport,1,Front-to-Rear,0,No,1,Non-Junction,1,Not an Intersection,1,On Roadway,0,None,1,Daylight,1,Clear,0,No,0000000,Not Applicable,99,Unknown,99,Unknown,99,Unknown EMS Scene Arrival Hour,99,Unknown EMS Scene Arrival Minutes,99,Unknown,99,Unknown EMS Hospital Arrival Time,1
47,Tennessee,470588,0,0,1,1,0,1,1,123,MONROE (123),2369,SWEETWATER,7,July,2,2,7,Saturday,2022,2,2:00am-2:59am,0,0,I-75,NA,1,Interstate,1,Rural,1,Interstate,1,State Highway Agency,1,This section IS ON the NHS,0,No Special Jurisdiction,31,31,35.62658056,35.62658056,-84.48696944,-84.48696944,42,Tree (Standing Only),0,The First Harmful Event was Not a Collision with a Motor Vehicle in Transport,0,No,1,Non-Junction,1,Not an Intersection,3,On Median,0,None,2,Dark - Not Lighted,10,Cloudy,0,No,0000000,Not Applicable,99,Unknown,99,Unknown,99,Unknown EMS Scene Arrival Hour,99,Unknown EMS Scene Arrival Minutes,99,Unknown,99,Unknown EMS Hospital Arrival Time,1