STATE,STATENAME,ST_CASE,PEDS,PERNOTMVIT,VE_TOTAL,VE_FORMS,PVH_INVL,PERSONS,PERMVIT,COUNTY,COUNTYNAME,CITY,CITYNAME,MONTH,MONTHNAME,DAY,DAYNAME,DAY_WEEK,DAY_WEEKNAME,YEAR,HOUR,HOURNAME,MINUTE,MINUTENAME,TWAY_ID,TWAY_ID2,ROUTE,ROUTENAME,RUR_URB,RUR_URBNAME,FUNC_SYS,FUNC_SYSNAME,RD_OWNER,RD_OWNERNAME,NHS,NHSNAME,SP_JUR,SP_JURNAME,MILEPT,MILEPTNAME,LATITUDE,LATITUDENAME,LONGITUD,LONGITUDNAME,HARM_EV,HARM_EVNAME,MAN_COLL,MAN_COLLNAME,RELJCT1,RELJCT1NAME,RELJCT2,RELJCT2NAME,TYP_INT,TYP_INTNAME,REL_ROAD,REL_ROADNAME,WRK_ZONE,WRK_ZONENAME,LGT_COND,LGT_CONDNAME,WEATHER,WEATHERNAME,SCH_BUS,SCH_BUSNAME,RAIL,RAILNAME,NOT_HOUR,NOT_HOURNAME,NOT_MIN,NOT_MINNAME,ARR_HOUR,ARR_HOURNAME,ARR_MIN,ARR_MINNAME,HOSP_HR,HOSP_HRNAME,HOSP_MN,HOSP_MNNAME,FATALS
47,Tennessee,470946,0,0,2,2,0,2,2,45,DYER (45),0,NOT APPLICABLE,10,October,10,10,2,Monday,2022,14,2:00pm-2:59pm,7,7,SR-78 LAKE RD,NA,3,State Highway,1,Rural,4,Minor Arterial,1,State Highway Agency,0,This section IS NOT on the NHS,0,No Special Jurisdiction,123,123,36.19628056,36.19628056,-89.45601944,-89.45601944,12,Motor Vehicle In-Transport,2,Front-to-Front,0,No,1,Non-Junction,1,Not an Intersection,1,On Roadway,0,None,1,Daylight,1,Clear,0,No,0000000,Not Applicable,99,Unknown,99,Unknown,99,Unknown EMS Scene Arrival Hour,99,Unknown EMS Scene Arrival Minutes,88,Not Applicable (Not Transported),88,Not Applicable (Not Transported),1
47,Tennessee,470947,0,0,1,1,0,1,1,113,MADISON (113),0,NOT APPLICABLE,10,October,6,6,5,Thursday,2022,20,8:00pm-8:59pm,57,57,CR-ROCHELLE RD,NA,4,County Road,1,Rural,7,Local,2,County Highway Agency,0,This section IS NOT on the NHS,0,No Special Jurisdiction,36,36,35.48761944,35.48761944,-88.87511111,-88.87511111,42,Tree (Standing Only),0,The First Harmful Event was Not a Collision with a Motor Vehicle in Transport,0,No,1,Non-Junction,1,Not an Intersection,4,On Roadside,0,None,2,Dark - Not Lighted,1,Clear,0,No,0000000,Not Applicable,99,Unknown,99,Unknown,99,Unknown EMS Scene Arrival Hour,99,Unknown EMS Scene Arrival Minutes,88,Not Applicable (Not Transported),88,Not Applicable (Not Transported),1
47,Tennessee,470948,0,0,2,2,0,2,2,115,MARION (115),0,NOT APPLICABLE,10,October,11,11,3,Tuesday,2022,15,3:00pm-3:59pm,7,7,I-24 US-64,NA,1,Interstate,1,Rural,1,Interstate,1,State Highway Agency,1,This section IS ON the NHS,0,No Special Jurisdiction,124,124,35.09633056,35.09633056,-85.73693056,-85.73693056,12,Motor Vehicle In-Transport,1,Front-to-Rear,0,No,1,Non-Junction,1,Not an Intersection,2,On Shoulder,0,None,1,Daylight,99,Reported as Unknown,0,No,0000000,Not Applicable,99,Unknown,99,Unknown,99,Unknown EMS Scene Arrival Hour,99,Unknown EMS Scene Arrival Minutes,88,Not Applicable (Not Transported),88,Not Applicable (Not Transported),1
47,Tennessee,470949,1,1,1,1,0,1,1,157,SHELBY (157),1620,MEMPHIS,7,July,5,5,3,Tuesday,2022,21,9:00pm-9:59pm,38,38,S PERKINS RD,NA,6,Local Street - Municipality,2,Urban,3,Principal Arterial - Other,4,City or Municipal Highway Agency,1,This section IS ON the NHS,0,No Special Jurisdiction,24,24,35.06870278,35.06870278,-89.90550278,-89.90550278,8,Pedestrian,0,The First Harmful Event was Not a Collision with a Motor Vehicle in Transport,0,No,1,Non-Junction,1,Not an Intersection,1,On Roadway,0,None,3,Dark - Lighted,1,Clear,0,No,0000000,Not Applicable,99,Unknown,99,Unknown,99,Unknown EMS Scene Arrival Hour,99,Unknown EMS Scene Arrival Minutes,99,Unknown,99,Unknown EMS Hospital Arrival Time,1
47,Tennessee,470950,0,0,1,1,0,2,2,95,LAKE (95),0,NOT APPLICABLE,8,August,19,19,6,Friday,2022,23,11:00pm-11:59pm,45,45,CR-CATES LANDING RD,NA,4,County Road,1,Rural,6,Minor Collector,2,County Highway Agency,0,This section IS NOT on the NHS,0,No Special Jurisdiction,21,21,36.4438,36.4438,-89.44146111,-89.44146111,35,Embankment,0,The First Harmful Event was Not a Collision with a Motor Vehicle in Transport,0,No,1,Non-Junction,1,Not an Intersection,4,On Roadside,0,None,2,Dark - Not Lighted,1,Clear,0,No,0000000,Not Applicable,99,Unknown,99,Unknown,99,Unknown EMS Scene Arrival Hour,99,Unknown EMS Scene Arrival Minutes,99,Unknown,99,Unknown EMS Hospital Arrival Time,1
47,Tennessee,470951,0,0,2,2,0,2,2,165,SUMNER (165),2565,WHITE HOUSE,8,August,26,26,6,Friday,2022,13,1:00pm-1:59pm,25,25,POPLAR RIDGE RD,NA,6,Local Street - Municipality,2,Urban,7,Local,4,City or Municipal Highway Agency,0,This section IS NOT on the NHS,0,No Special Jurisdiction,0,None,36.42678889,36.42678889,-86.69191667,-86.69191667,12,Motor Vehicle In-Transport,6,Angle,0,No,1,Non-Junction,1,Not an Intersection,1,On Roadway,0,None,1,Daylight,1,Clear,0,No,0000000,Not Applicable,99,Unknown,99,Unknown,99,Unknown EMS Scene Arrival Hour,99,Unknown EMS Scene Arrival Minutes,99,Unknown,99,Unknown EMS Hospital Arrival Time,1
47,Tennessee,470952,0,0,1,1,0,1,1,103,LINCOLN (103),840,FAYETTEVILLE,10,October,5,5,4,Wednesday,2022,13,1:00pm-1:59pm,8,8,US-64 SR-15 WILSON PKWY,NA,2,US Highway,2,Urban,3,Principal Arterial - Other,1,State Highway Agency,1,This section IS ON the NHS,0,No Special Jurisdiction,161,161,35.1444,35.1444,-86.58733889,-86.58733889,33,Curb,0,The First Harmful Event was Not a Collision with a Motor Vehicle in Transport,0,No,1,Non-Junction,1,Not an Intersection,4,On Roadside,0,None,1,Daylight,1,Clear,0,No,0000000,Not Applicable,99,Unknown,99,Unknown,99,Unknown EMS Scene Arrival Hour,99,Unknown EMS Scene Arrival Minutes,99,Unknown,99,Unknown EMS Hospital Arrival Time,1
47,Tennessee,470953,0,0,1,1,0,1,1,1,ANDERSON (1),0,NOT APPLICABLE,10,October,7,7,6,Friday,2022,21,9:00pm-9:59pm,10,10,CR-OLD EDGEMOOR RD,NA,4,County Road,2,Urban,7,Local,2,County Highway Agency,0,This section IS NOT on the NHS,0,No Special Jurisdiction,1,1,36.03660833,36.03660833,-84.11931111,-84.11931111,31,"Post, Pole or Other Supports",0,The First Harmful Event was Not a Collision with a Motor Vehicle in Transport,0,No,1,Non-Junction,1,Not an Intersection,4,On Roadside,0,None,2,Dark - Not Lighted,1,Clear,0,No,0000000,Not Applicable,99,Unknown,99,Unknown,99,Unknown EMS Scene Arrival Hour,99,Unknown EMS Scene Arrival Minutes,88,Not Applicable (Not Transported),88,Not Applicable (Not Transported),1
47,Tennessee,470954,0,0,1,1,0,1,1,65,HAMILTON (65),400,CHATTANOOGA,9,September,12,12,2,Monday,2022,17,5:00pm-5:59pm,0,0,I-24 RAMP,NA,1,Interstate,2,Urban,3,Principal Arterial - Other,1,State Highway Agency,1,This section IS ON the NHS,0,No Special Jurisdiction,56,56,35.01721944,35.01721944,-85.29391389,-85.29391389,25,Concrete Traffic Barrier,0,The First Harmful Event was Not a Collision with a Motor Vehicle in Transport,1,Yes,5,Entrance/Exit Ramp Related,1,Not an Intersection,4,On Roadside,0,None,1,Daylight,1,Clear,0,No,0000000,Not Applicable,99,Unknown,99,Unknown,99,Unknown EMS Scene Arrival Hour,99,Unknown EMS Scene Arrival Minutes,99,Unknown,99,Unknown EMS Hospital Arrival Time,1
47,Tennessee,470955,0,0,2,2,0,3,3,157,SHELBY (157),1620,MEMPHIS,10,October,11,11,3,Tuesday,2022,6,6:00am-6:59am,41,41,US-61 SR-14 S THIRD ST,NA,2,US Highway,2,Urban,3,Principal Arterial - Other,1,State Highway Agency,1,This section IS ON the NHS,0,No Special Jurisdiction,21,21,35.01215278,35.01215278,-90.09650278,-90.09650278,12,Motor Vehicle In-Transport,1,Front-to-Rear,0,No,1,Non-Junction,1,Not an Intersection,1,On Roadway,0,None,1,Daylight,1,Clear,0,No,0000000,Not Applicable,99,Unknown,99,Unknown,99,Unknown EMS Scene Arrival Hour,99,Unknown EMS Scene Arrival Minutes,99,Unknown,99,Unknown EMS Hospital Arrival Time,1
47,Tennessee,470956,0,0,1,1,0,1,1,131,OBION (131),0,NOT APPLICABLE,10,October,12,12,4,Wednesday,2022,16,4:00pm-4:59pm,10,10,SR-214 KEN-TENN HWY,NA,3,State Highway,2,Urban,5,Major Collector,1,State Highway Agency,0,This section IS NOT on the NHS,0,No Special Jurisdiction,20,20,36.44913889,36.44913889,-88.99318056,-88.99318056,42,Tree (Standing Only),0,The First Harmful Event was Not a Collision with a Motor Vehicle in Transport,0,No,1,Non-Junction,1,Not an Intersection,4,On Roadside,0,None,1,Daylight,10,Cloudy,0,No,0000000,Not Applicable,99,Unknown,99,Unknown,99,Unknown EMS Scene Arrival Hour,99,Unknown EMS Scene Arrival Minutes,99,Unknown,99,Unknown EMS Hospital Arrival Time,1
47,Tennessee,470957,1,1,1,1,0,1,1,11,BRADLEY (11),420,CLEVELAND,10,October,5,5,4,Wednesday,2022,1,1:00am-1:59am,40,40,US-64 SR-40 INMAN ST SE,NA,2,US Highway,2,Urban,4,Minor Arterial,1,State Highway Agency,0,This section IS NOT on the NHS,0,No Special Jurisdiction,1,1,35.15027778,35.15027778,-84.85021111,-84.85021111,8,Pedestrian,0,The First Harmful Event was Not a Collision with a Motor Vehicle in Transport,0,No,1,Non-Junction,1,Not an Intersection,1,On Roadway,0,None,2,Dark - Not Lighted,1,Clear,0,No,0000000,Not Applicable,99,Unknown,99,Unknown,99,Unknown EMS Scene Arrival Hour,99,Unknown EMS Scene Arrival Minutes,88,Not Applicable (Not Transported),88,Not Applicable (Not Transported),1
47,Tennessee,470958,0,0,1,1,0,3,3,113,MADISON (113),1200,JACKSON,10,October,13,13,5,Thursday,2022,21,9:00pm-9:59pm,16,16,US-412 SR-20 NORTH PKWY,OLD HICKORY BLVD,2,US Highway,2,Urban,3,Principal Arterial - Other,1,State Highway Agency,1,This section IS ON the NHS,0,No Special Jurisdiction,108,108,35.65006944,35.65006944,-88.82671944,-88.82671944,42,Tree (Standing Only),0,The First Harmful Event was Not a Collision with a Motor Vehicle in Transport,1,Yes,3,Intersection-Related,3,T-Intersection,5,Outside Trafficway,0,None,3,Dark - Lighted,1,Clear,0,No,0000000,Not Applicable,99,Unknown,99,Unknown,99,Unknown EMS Scene Arrival Hour,99,Unknown EMS Scene Arrival Minutes,99,Unknown,99,Unknown EMS Hospital Arrival Time,1
47,Tennessee,470959,0,0,2,2,0,2,2,147,ROBERTSON (147),499,Coopertown,10,October,3,3,2,Monday,2022,15,3:00pm-3:59pm,31,31,US-431 SR-65 TOM AUSTIN MEMORI,W COUNTY FARM RD,2,US Highway,2,Urban,3,Principal Arterial - Other,1,State Highway Agency,1,This section IS ON the NHS,0,No Special Jurisdiction,49,49,36.45908889,36.45908889,-86.89661111,-86.89661111,12,Motor Vehicle In-Transport,6,Angle,0,No,2,Intersection,3,T-Intersection,1,On Roadway,0,None,1,Daylight,1,Clear,0,No,0000000,Not Applicable,99,Unknown,99,Unknown,99,Unknown EMS Scene Arrival Hour,99,Unknown EMS Scene Arrival Minutes,88,Not Applicable (Not Transported),88,Not Applicable (Not Transported),1
47,Tennessee,470960,0,0,1,1,0,1,1,11,BRADLEY (11),420,CLEVELAND,10,October,12,12,4,Wednesday,2022,23,11:00pm-11:59pm,25,25,I-75,NA,1,Interstate,2,Urban,1,Interstate,1,State Highway Agency,1,This section IS ON the NHS,0,No Special Jurisdiction,116,116,35.21806111,35.21806111,-84.86261111,-84.86261111,1,Rollover/Overturn,0,The First Harmful Event was Not a Collision with a Motor Vehicle in Transport,0,No,1,Non-Junction,1,Not an Intersection,3,On Median,0,None,2,Dark - Not Lighted,2,Rain,0,No,0000000,Not Applicable,99,Unknown,99,Unknown,99,Unknown EMS Scene Arrival Hour,99,Unknown EMS Scene Arrival Minutes,88,Not Applicable (Not Transported),88,Not Applicable (Not Transported),1
47,Tennessee,470961,0,0,2,2,0,3,3,59,GREENE (59),1010,GREENEVILLE,6,June,15,15,4,Wednesday,2022,13,1:00pm-1:59pm,41,41,US-11EBR SR-107 TUSCULUM BLVD,NA,2,US Highway,2,Urban,3,Principal Arterial - Other,1,State Highway Agency,1,This section IS ON the NHS,0,No Special Jurisdiction,100,100,36.17281944,36.17281944,-82.794625,-82.794625,12,Motor Vehicle In-Transport,6,Angle,0,No,8,Driveway Access Related,1,Not an Intersection,1,On Roadway,0,None,1,Daylight,1,Clear,0,No,0000000,Not Applicable,99,Unknown,99,Unknown,99,Unknown EMS Scene Arrival Hour,99,Unknown EMS Scene Arrival Minutes,99,Unknown,99,Unknown EMS Hospital Arrival Time,1
47,Tennessee,470962,0,0,1,1,0,1,1,167,TIPTON (167),520,COVINGTON,6,June,17,17,6,Friday,2022,23,11:00pm-11:59pm,27,27,N COLLEGE ST,RIPLEY AVE,6,Local Street - Municipality,2,Urban,7,Local,4,City or Municipal Highway Agency,0,This section IS NOT on the NHS,0,No Special Jurisdiction,3,3,35.56988056,35.56988056,-89.64838056,-89.64838056,59,Traffic Sign Support,0,The First Harmful Event was Not a Collision with a Motor Vehicle in Transport,0,No,3,Intersection-Related,2,Four-Way Intersection,4,On Roadside,0,None,3,Dark - Lighted,1,Clear,0,No,0000000,Not Applicable,99,Unknown,99,Unknown,99,Unknown EMS Scene Arrival Hour,99,Unknown EMS Scene Arrival Minutes,99,Unknown,99,Unknown EMS Hospital Arrival Time,1
47,Tennessee,470963,1,1,1,1,0,1,1,157,SHELBY (157),1620,MEMPHIS,8,August,31,31,4,Wednesday,2022,19,7:00pm-7:59pm,30,30,SR-14 JACKSON AVE,ORCHI RD,3,State Highway,2,Urban,3,Principal Arterial - Other,1,State Highway Agency,1,This section IS ON the NHS,0,No Special Jurisdiction,186,186,35.17786667,35.17786667,-89.93731944,-89.93731944,8,Pedestrian,0,The First Harmful Event was Not a Collision with a Motor Vehicle in Transport,0,No,3,Intersection-Related,3,T-Intersection,1,On Roadway,0,None,5,Dusk,1,Clear,0,No,0000000,Not Applicable,99,Unknown,99,Unknown,99,Unknown EMS Scene Arrival Hour,99,Unknown EMS Scene Arrival Minutes,99,Unknown,99,Unknown EMS Hospital Arrival Time,1
47,Tennessee,470965,0,0,2,2,0,3,3,189,WILSON (189),1360,LEBANON,9,September,30,30,6,Friday,2022,18,6:00pm-6:59pm,32,32,US-70 SR-24 LEBANON RD/W MAIN,NA,2,US Highway,2,Urban,3,Principal Arterial - Other,1,State Highway Agency,1,This section IS ON the NHS,0,No Special Jurisdiction,131,131,36.2265,36.2265,-86.35843056,-86.35843056,12,Motor Vehicle In-Transport,2,Front-to-Front,0,No,1,Non-Junction,1,Not an Intersection,1,On Roadway,0,None,5,Dusk,1,Clear,0,No,0000000,Not Applicable,99,Unknown,99,Unknown,99,Unknown EMS Scene Arrival Hour,99,Unknown EMS Scene Arrival Minutes,99,Unknown,99,Unknown EMS Hospital Arrival Time,1
47,Tennessee,470966,0,0,3,3,0,4,4,11,BRADLEY (11),420,CLEVELAND,10,October,13,13,5,Thursday,2022,17,5:00pm-5:59pm,4,4,STUART RD NE,STUART RD,6,Local Street - Municipality,2,Urban,4,Minor Arterial,4,City or Municipal Highway Agency,0,This section IS NOT on the NHS,0,No Special Jurisdiction,12,12,35.19963611,35.19963611,-84.84226111,-84.84226111,12,Motor Vehicle In-Transport,6,Angle,0,No,2,Intersection,3,T-Intersection,1,On Roadway,0,None,1,Daylight,1,Clear,0,No,0000000,Not Applicable,99,Unknown,99,Unknown,99,Unknown EMS Scene Arrival Hour,99,Unknown EMS Scene Arrival Minutes,99,Unknown,99,Unknown EMS Hospital Arrival Time,1
47,Tennessee,470967,0,0,2,2,0,3,3,157,SHELBY (157),1620,MEMPHIS,10,October,14,14,6,Friday,2022,17,5:00pm-5:59pm,23,23,HORN LAKE RD,W GEETER RD,6,Local Street - Municipality,2,Urban,4,Minor Arterial,4,City or Municipal Highway Agency,0,This section IS NOT on the NHS,0,No Special Jurisdiction,20,20,35.01931667,35.01931667,-90.06823889,-90.06823889,12,Motor Vehicle In-Transport,6,Angle,0,No,2,Intersection,3,T-Intersection,1,On Roadway,0,None,5,Dusk,1,Clear,0,No,0000000,Not Applicable,99,Unknown,99,Unknown,99,Unknown EMS Scene Arrival Hour,99,Unknown EMS Scene Arrival Minutes,99,Unknown,99,Unknown EMS Hospital Arrival Time,1
47,Tennessee,470968,0,0,4,4,0,5,5,157,SHELBY (157),1620,MEMPHIS,10,October,14,14,6,Friday,2022,17,5:00pm-5:59pm,38,38,AIRWAYS BLVD,NA,6,Local Street - Municipality,2,Urban,3,Principal Arterial - Other,4,City or Municipal Highway Agency,1,This section IS ON the NHS,0,No Special Jurisdiction,17,17,35.07616944,35.07616944,-89.98553889,-89.98553889,12,Motor Vehicle In-Transport,2,Front-to-Front,0,No,1,Non-Junction,1,Not an Intersection,1,On Roadway,0,None,1,Daylight,1,Clear,0,No,0000000,Not Applicable,99,Unknown,99,Unknown,99,Unknown EMS Scene Arrival Hour,99,Unknown EMS Scene Arrival Minutes,99,Unknown,99,Unknown EMS Hospital Arrival Time,1
47,Tennessee,470969,0,0,1,1,0,1,1,47,FAYETTE (47),0,NOT APPLICABLE,10,October,12,12,4,Wednesday,2022,14,2:00pm-2:59pm,15,15,SR-76,NA,3,State Highway,1,Rural,4,Minor Arterial,1,State Highway Agency,0,This section IS NOT on the NHS,0,No Special Jurisdiction,209,209,35.35035,35.35035,-89.32641111,-89.32641111,32,Culvert,0,The First Harmful Event was Not a Collision with a Motor Vehicle in Transport,0,No,1,Non-Junction,1,Not an Intersection,4,On Roadside,0,None,1,Daylight,1,Clear,0,No,0000000,Not Applicable,99,Unknown,99,Unknown,99,Unknown EMS Scene Arrival Hour,99,Unknown EMS Scene Arrival Minutes,88,Not Applicable (Not Transported),88,Not Applicable (Not Transported),1
47,Tennessee,470970,0,0,1,1,0,1,1,143,RHEA (143),590,DAYTON,10,October,9,9,1,Sunday,2022,23,11:00pm-11:59pm,34,34,ABLE DR,NA,6,Local Street - Municipality,2,Urban,7,Local,4,City or Municipal Highway Agency,0,This section IS NOT on the NHS,0,No Special Jurisdiction,3,3,35.479,35.479,-85.025538890000007,-85.025538890000007,1,Rollover/Overturn,0,The First Harmful Event was Not a Collision with a Motor Vehicle in Transport,0,No,1,Non-Junction,1,Not an Intersection,4,On Roadside,0,None,2,Dark - Not Lighted,1,Clear,0,No,0000000,Not Applicable,99,Unknown,99,Unknown,99,Unknown EMS Scene Arrival Hour,99,Unknown EMS Scene Arrival Minutes,88,Not Applicable (Not Transported),88,Not Applicable (Not Transported),1
47,Tennessee,470971,0,0,1,1,0,1,1,133,OVERTON (133),1420,LIVINGSTON,10,October,15,15,7,Saturday,2022,18,6:00pm-6:59pm,21,21,SR-85 HILHAM HWY,NA,3,State Highway,1,Rural,4,Minor Arterial,1,State Highway Agency,0,This section IS NOT on the NHS,0,No Special Jurisdiction,101,101,36.37431111,36.37431111,-85.35573056,-85.35573056,42,Tree (Standing Only),0,The First Harmful Event was Not a Collision with a Motor Vehicle in Transport,0,No,1,Non-Junction,1,Not an Intersection,4,On Roadside,0,None,2,Dark - Not Lighted,1,Clear,0,No,0000000,Not Applicable,99,Unknown,99,Unknown,99,Unknown EMS Scene Arrival Hour,99,Unknown EMS Scene Arrival Minutes,88,Not Applicable (Not Transported),88,Not Applicable (Not Transported),1
47,Tennessee,470972,0,0,2,2,0,2,2,149,RUTHERFORD (149),0,NOT APPLICABLE,10,October,6,6,5,Thursday,2022,4,4:00am-4:59am,36,36,I-24,NA,1,Interstate,2,Urban,1,Interstate,1,State Highway Agency,1,This section IS ON the NHS,0,No Special Jurisdiction,40,40,35.96516944,35.96516944,-86.56456111,-86.56456111,12,Motor Vehicle In-Transport,1,Front-to-Rear,0,No,1,Non-Junction,1,Not an Intersection,1,On Roadway,0,None,2,Dark - Not Lighted,1,Clear,0,No,0000000,Not Applicable,99,Unknown,99,Unknown,99,Unknown EMS Scene Arrival Hour,99,Unknown EMS Scene Arrival Minutes,99,Unknown,99,Unknown EMS Hospital Arrival Time,1
47,Tennessee,470973,0,0,1,1,0,3,3,35,CUMBERLAND (35),0,NOT APPLICABLE,10,October,8,8,7,Saturday,2022,18,6:00pm-6:59pm,45,45,CR-VANDEVER RD,NA,4,County Road,1,Rural,6,Minor Collector,2,County Highway Agency,0,This section IS NOT on the NHS,0,No Special Jurisdiction,68,68,35.82141111,35.82141111,-85.09281944,-85.09281944,42,Tree (Standing Only),0,The First Harmful Event was Not a Collision with a Motor Vehicle in Transport,0,No,1,Non-Junction,1,Not an Intersection,4,On Roadside,0,None,2,Dark - Not Lighted,1,Clear,0,No,0000000,Not Applicable,99,Unknown,99,Unknown,99,Unknown EMS Scene Arrival Hour,99,Unknown EMS Scene Arrival Minutes,99,Unknown,99,Unknown EMS Hospital Arrival Time,1
47,Tennessee,470974,0,0,2,2,0,6,6,71,HARDIN (71),0,NOT APPLICABLE,10,October,8,8,7,Saturday,2022,18,6:00pm-6:59pm,25,25,SR-57,NA,3,State Highway,1,Rural,4,Minor Arterial,1,State Highway Agency,0,This section IS NOT on the NHS,0,No Special Jurisdiction,27,27,35.04131944,35.04131944,-88.33471111,-88.33471111,12,Motor Vehicle In-Transport,6,Angle,0,No,8,Driveway Access Related,1,Not an Intersection,1,On Roadway,0,None,5,Dusk,1,Clear,0,No,0000000,Not Applicable,99,Unknown,99,Unknown,99,Unknown EMS Scene Arrival Hour,99,Unknown EMS Scene Arrival Minutes,99,Unknown,99,Unknown EMS Hospital Arrival Time,2
47,Tennessee,470975,0,0,2,2,0,6,6,37,DAVIDSON (37),1760,NASHVILLE,10,October,13,13,5,Thursday,2022,21,9:00pm-9:59pm,52,52,US-31E SR-6 GALLATIN PK,NA,2,US Highway,2,Urban,3,Principal Arterial - Other,1,State Highway Agency,1,This section IS ON the NHS,0,No Special Jurisdiction,178,178,36.2528,36.2528,-86.71708889,-86.71708889,12,Motor Vehicle In-Transport,6,Angle,0,No,8,Driveway Access Related,1,Not an Intersection,1,On Roadway,0,None,3,Dark - Lighted,1,Clear,0,No,0000000,Not Applicable,99,Unknown,99,Unknown,99,Unknown EMS Scene Arrival Hour,99,Unknown EMS Scene Arrival Minutes,99,Unknown,99,Unknown EMS Hospital Arrival Time,1
47,Tennessee,470976,1,1,1,1,0,1,1,157,SHELBY (157),1620,MEMPHIS,10,October,15,15,7,Saturday,2022,23,11:00pm-11:59pm,0,0,WINCHESTER RD,NA,6,Local Street - Municipality,2,Urban,3,Principal Arterial - Other,4,City or Municipal Highway Agency,1,This section IS ON the NHS,0,No Special Jurisdiction,45,45,35.05213056,35.05213056,-89.98066111,-89.98066111,8,Pedestrian,0,The First Harmful Event was Not a Collision with a Motor Vehicle in Transport,0,No,1,Non-Junction,1,Not an Intersection,1,On Roadway,0,None,3,Dark - Lighted,2,Rain,0,No,0000000,Not Applicable,99,Unknown,99,Unknown,99,Unknown EMS Scene Arrival Hour,99,Unknown EMS Scene Arrival Minutes,88,Not Applicable (Not Transported),88,Not Applicable (Not Transported),1
47,Tennessee,470977,0,0,1,1,0,1,1,157,SHELBY (157),0,NOT APPLICABLE,10,October,8,8,7,Saturday,2022,19,7:00pm-7:59pm,4,4,CR-REID HOOKER RD,NA,4,County Road,1,Rural,7,Local,2,County Highway Agency,0,This section IS NOT on the NHS,0,No Special Jurisdiction,11,11,35.1287,35.1287,-89.67817778,-89.67817778,42,Tree (Standing Only),0,The First Harmful Event was Not a Collision with a Motor Vehicle in Transport,0,No,1,Non-Junction,1,Not an Intersection,4,On Roadside,0,None,2,Dark - Not Lighted,1,Clear,0,No,0000000,Not Applicable,99,Unknown,99,Unknown,99,Unknown EMS Scene Arrival Hour,99,Unknown EMS Scene Arrival Minutes,88,Not Applicable (Not Transported),88,Not Applicable (Not Transported),1
47,Tennessee,470978,0,0,1,1,0,1,1,187,WILLIAMSON (187),0,NOT APPLICABLE,10,October,12,12,4,Wednesday,2022,16,4:00pm-4:59pm,31,31,CR-OLD NATCHEZ TC,NA,4,County Road,1,Rural,5,Major Collector,2,County Highway Agency,0,This section IS NOT on the NHS,0,No Special Jurisdiction,2,2,35.97635,35.97635,-86.93163056,-86.93163056,18,Other Object (not fixed),0,The First Harmful Event was Not a Collision with a Motor Vehicle in Transport,0,No,1,Non-Junction,1,Not an Intersection,1,On Roadway,0,None,1,Daylight,2,Rain,0,No,0000000,Not Applicable,99,Unknown,99,Unknown,99,Unknown EMS Scene Arrival Hour,99,Unknown EMS Scene Arrival Minutes,88,Not Applicable (Not Transported),88,Not Applicable (Not Transported),1
47,Tennessee,470979,0,0,2,2,0,3,3,155,SEVIER (155),0,NOT APPLICABLE,9,September,9,9,6,Friday,2022,11,11:00am-11:59am,4,4,US-441 SR-71 NEWFOUND GAP RD,NA,2,US Highway,1,Rural,3,Principal Arterial - Other,1,State Highway Agency,1,This section IS ON the NHS,1,National Park Service,0,None,35.61851389,35.61851389,-83.42846111,-83.42846111,12,Motor Vehicle In-Transport,8,Sideswipe - Opposite Direction,0,No,1,Non-Junction,1,Not an Intersection,4,On Roadside,0,None,1,Daylight,98,Not Reported,0,No,0000000,Not Applicable,11,11:00am-11:59am,4,4,11,11:00am-11:59am,15,15,11,11:00am-11:59am,56,56,1
47,Tennessee,470980,0,0,2,2,0,2,2,1,ANDERSON (1),1850,OAK RIDGE,8,August,23,23,3,Tuesday,2022,16,4:00pm-4:59pm,34,34,SR-95 OAK RIDGE TURNPIKE,LAFAYETTE DR,3,State Highway,2,Urban,3,Principal Arterial - Other,1,State Highway Agency,1,This section IS ON the NHS,0,No Special Jurisdiction,47,47,36.02078889,36.02078889,-84.24663056,-84.24663056,12,Motor Vehicle In-Transport,6,Angle,0,No,2,Intersection,2,Four-Way Intersection,1,On Roadway,0,None,1,Daylight,1,Clear,0,No,0000000,Not Applicable,99,Unknown,99,Unknown,99,Unknown EMS Scene Arrival Hour,99,Unknown EMS Scene Arrival Minutes,99,Unknown,99,Unknown EMS Hospital Arrival Time,1
47,Tennessee,470981,1,1,1,1,0,1,1,149,RUTHERFORD (149),0,NOT APPLICABLE,10,October,12,12,4,Wednesday,2022,1,1:00am-1:59am,11,11,US-70S SR-1 JOHN BRAGG HWY,COLEMAN RD,2,US Highway,1,Rural,3,Principal Arterial - Other,1,State Highway Agency,1,This section IS ON the NHS,0,No Special Jurisdiction,232,232,35.82678889,35.82678889,-86.28973889,-86.28973889,8,Pedestrian,0,The First Harmful Event was Not a Collision with a Motor Vehicle in Transport,0,No,3,Intersection-Related,3,T-Intersection,1,On Roadway,0,None,2,Dark - Not Lighted,1,Clear,0,No,0000000,Not Applicable,99,Unknown,99,Unknown,99,Unknown EMS Scene Arrival Hour,99,Unknown EMS Scene Arrival Minutes,88,Not Applicable (Not Transported),88,Not Applicable (Not Transported),1