STATE,STATENAME,ST_CASE,PEDS,PERNOTMVIT,VE_TOTAL,VE_FORMS,PVH_INVL,PERSONS,PERMVIT,COUNTY,COUNTYNAME,CITY,CITYNAME,MONTH,MONTHNAME,DAY,DAYNAME,DAY_WEEK,DAY_WEEKNAME,YEAR,HOUR,HOURNAME,MINUTE,MINUTENAME,TWAY_ID,TWAY_ID2,ROUTE,ROUTENAME,RUR_URB,RUR_URBNAME,FUNC_SYS,FUNC_SYSNAME,RD_OWNER,RD_OWNERNAME,NHS,NHSNAME,SP_JUR,SP_JURNAME,MILEPT,MILEPTNAME,LATITUDE,LATITUDENAME,LONGITUD,LONGITUDNAME,HARM_EV,HARM_EVNAME,MAN_COLL,MAN_COLLNAME,RELJCT1,RELJCT1NAME,RELJCT2,RELJCT2NAME,TYP_INT,TYP_INTNAME,REL_ROAD,REL_ROADNAME,WRK_ZONE,WRK_ZONENAME,LGT_COND,LGT_CONDNAME,WEATHER,WEATHERNAME,SCH_BUS,SCH_BUSNAME,RAIL,RAILNAME,NOT_HOUR,NOT_HOURNAME,NOT_MIN,NOT_MINNAME,ARR_HOUR,ARR_HOURNAME,ARR_MIN,ARR_MINNAME,HOSP_HR,HOSP_HRNAME,HOSP_MN,HOSP_MNNAME,FATALS
47,Tennessee,471094,0,0,1,1,0,2,2,13,CAMPBELL (13),1320,LA FOLLETTE,11,November,15,15,3,Tuesday,2022,23,11:00pm-11:59pm,38,38,CR-FINCASTLE RD,NA,4,County Road,2,Urban,7,Local,2,County Highway Agency,0,This section IS NOT on the NHS,0,No Special Jurisdiction,7,7,36.41981111,36.41981111,-84.05135,-84.05135,38,Fence,0,The First Harmful Event was Not a Collision with a Motor Vehicle in Transport,0,No,1,Non-Junction,1,Not an Intersection,4,On Roadside,0,None,2,Dark - Not Lighted,1,Clear,0,No,0000000,Not Applicable,99,Unknown,99,Unknown,99,Unknown EMS Scene Arrival Hour,99,Unknown EMS Scene Arrival Minutes,99,Unknown,99,Unknown EMS Hospital Arrival Time,1
47,Tennessee,471095,1,1,1,1,0,3,3,125,MONTGOMERY (125),410,CLARKSVILLE,11,November,18,18,6,Friday,2022,17,5:00pm-5:59pm,10,10,US-41A/79 SR-12 PROVIDENCE BLV,NA,2,US Highway,2,Urban,3,Principal Arterial - Other,1,State Highway Agency,1,This section IS ON the NHS,0,No Special Jurisdiction,162,162,36.54966667,36.54966667,-87.38014444,-87.38014444,8,Pedestrian,0,The First Harmful Event was Not a Collision with a Motor Vehicle in Transport,0,No,1,Non-Junction,1,Not an Intersection,1,On Roadway,0,None,3,Dark - Lighted,10,Cloudy,0,No,0000000,Not Applicable,99,Unknown,99,Unknown,99,Unknown EMS Scene Arrival Hour,99,Unknown EMS Scene Arrival Minutes,88,Not Applicable (Not Transported),88,Not Applicable (Not Transported),1
47,Tennessee,471096,0,0,2,2,0,6,6,35,CUMBERLAND (35),540,CROSSVILLE,11,November,19,19,7,Saturday,2022,16,4:00pm-4:59pm,40,40,US-70/30 SR-1 SPARTA HWY,SPARTA DR,2,US Highway,2,Urban,3,Principal Arterial - Other,1,State Highway Agency,1,This section IS ON the NHS,0,No Special Jurisdiction,123,123,35.9596,35.9596,-85.05726944,-85.05726944,12,Motor Vehicle In-Transport,6,Angle,0,No,2,Intersection,4,Y-Intersection,1,On Roadway,0,None,1,Daylight,1,Clear,0,No,0000000,Not Applicable,99,Unknown,99,Unknown,99,Unknown EMS Scene Arrival Hour,99,Unknown EMS Scene Arrival Minutes,99,Unknown,99,Unknown EMS Hospital Arrival Time,2
47,Tennessee,471097,0,0,1,1,0,2,2,91,JOHNSON (91),0,NOT APPLICABLE,10,October,26,26,4,Wednesday,2022,10,10:00am-10:59am,45,45,SR-91,NA,3,State Highway,1,Rural,5,Major Collector,1,State Highway Agency,0,This section IS NOT on the NHS,0,No Special Jurisdiction,50,50,36.50281944,36.50281944,-81.79778056,-81.79778056,24,Guardrail Face,0,The First Harmful Event was Not a Collision with a Motor Vehicle in Transport,0,No,1,Non-Junction,1,Not an Intersection,4,On Roadside,0,None,1,Daylight,10,Cloudy,0,No,0000000,Not Applicable,99,Unknown,99,Unknown,99,Unknown EMS Scene Arrival Hour,99,Unknown EMS Scene Arrival Minutes,99,Unknown,99,Unknown EMS Hospital Arrival Time,1
47,Tennessee,471098,0,0,1,1,0,1,1,181,WAYNE (181),0,NOT APPLICABLE,11,November,10,10,5,Thursday,2022,16,4:00pm-4:59pm,14,14,SR-13 WAYNESBORO HWY,NA,3,State Highway,1,Rural,4,Minor Arterial,1,State Highway Agency,0,This section IS NOT on the NHS,0,No Special Jurisdiction,382,382,35.45251111,35.45251111,-87.77843889,-87.77843889,42,Tree (Standing Only),0,The First Harmful Event was Not a Collision with a Motor Vehicle in Transport,0,No,1,Non-Junction,1,Not an Intersection,4,On Roadside,0,None,5,Dusk,10,Cloudy,0,No,0000000,Not Applicable,99,Unknown,99,Unknown,99,Unknown EMS Scene Arrival Hour,99,Unknown EMS Scene Arrival Minutes,99,Unknown,99,Unknown EMS Hospital Arrival Time,1
47,Tennessee,471099,0,0,2,2,0,3,3,93,KNOX (93),1300,KNOXVILLE,11,November,13,13,1,Sunday,2022,18,6:00pm-6:59pm,46,46,SR-62 OAK RIDGE HWY,CR-GUINN RD,3,State Highway,2,Urban,3,Principal Arterial - Other,1,State Highway Agency,0,This section IS NOT on the NHS,0,No Special Jurisdiction,9,9,35.98283889,35.98283889,-84.18391944,-84.18391944,12,Motor Vehicle In-Transport,6,Angle,0,No,2,Intersection,3,T-Intersection,1,On Roadway,0,None,2,Dark - Not Lighted,1,Clear,0,No,0000000,Not Applicable,99,Unknown,99,Unknown,99,Unknown EMS Scene Arrival Hour,99,Unknown EMS Scene Arrival Minutes,99,Unknown,99,Unknown EMS Hospital Arrival Time,1
47,Tennessee,471100,0,0,1,1,0,1,1,125,MONTGOMERY (125),410,CLARKSVILLE,11,November,19,19,7,Saturday,2022,17,5:00pm-5:59pm,45,45,CR-SOLAR WAY,NA,4,County Road,2,Urban,6,Minor Collector,2,County Highway Agency,0,This section IS NOT on the NHS,0,No Special Jurisdiction,18,18,36.61585,36.61585,-87.25718056,-87.25718056,30,Utility Pole/Light Support,0,The First Harmful Event was Not a Collision with a Motor Vehicle in Transport,0,No,1,Non-Junction,1,Not an Intersection,4,On Roadside,0,None,2,Dark - Not Lighted,1,Clear,0,No,0000000,Not Applicable,99,Unknown,99,Unknown,99,Unknown EMS Scene Arrival Hour,99,Unknown EMS Scene Arrival Minutes,88,Not Applicable (Not Transported),88,Not Applicable (Not Transported),1
47,Tennessee,471101,0,0,2,2,0,5,5,139,POLK (139),623,DELANO,11,November,20,20,1,Sunday,2022,18,6:00pm-6:59pm,17,17,US-411 SR-30 TENNESSEE AVE,SR-163 BOWATER RD,2,US Highway,1,Rural,3,Principal Arterial - Other,1,State Highway Agency,1,This section IS ON the NHS,0,No Special Jurisdiction,7,7,35.257247220000004,35.257247220000004,-84.55318889,-84.55318889,12,Motor Vehicle In-Transport,6,Angle,0,No,2,Intersection,3,T-Intersection,1,On Roadway,0,None,2,Dark - Not Lighted,1,Clear,0,No,0000000,Not Applicable,99,Unknown,99,Unknown,99,Unknown EMS Scene Arrival Hour,99,Unknown EMS Scene Arrival Minutes,99,Unknown,99,Unknown EMS Hospital Arrival Time,1
47,Tennessee,471102,0,0,2,2,0,2,2,51,FRANKLIN (51),0,NOT APPLICABLE,11,November,20,20,1,Sunday,2022,19,7:00pm-7:59pm,28,28,US-64 SR-15 DAVID CROCKETT HWY,NA,2,US Highway,1,Rural,3,Principal Arterial - Other,1,State Highway Agency,1,This section IS ON the NHS,0,No Special Jurisdiction,31,31,35.07581111,35.07581111,-86.26653056,-86.26653056,12,Motor Vehicle In-Transport,2,Front-to-Front,0,No,1,Non-Junction,1,Not an Intersection,1,On Roadway,0,None,2,Dark - Not Lighted,99,Reported as Unknown,0,No,0000000,Not Applicable,99,Unknown,99,Unknown,99,Unknown EMS Scene Arrival Hour,99,Unknown EMS Scene Arrival Minutes,99,Unknown,99,Unknown EMS Hospital Arrival Time,1
47,Tennessee,471103,0,0,3,3,0,4,4,93,KNOX (93),1300,KNOXVILLE,11,November,18,18,6,Friday,2022,1,1:00am-1:59am,31,31,I-140 PELLISSIPPI HWY,NA,1,Interstate,2,Urban,1,Interstate,1,State Highway Agency,1,This section IS ON the NHS,0,No Special Jurisdiction,13,13,35.89330278,35.89330278,-84.11460278,-84.11460278,12,Motor Vehicle In-Transport,2,Front-to-Front,0,No,1,Non-Junction,1,Not an Intersection,1,On Roadway,0,None,2,Dark - Not Lighted,1,Clear,0,No,0000000,Not Applicable,99,Unknown,99,Unknown,99,Unknown EMS Scene Arrival Hour,99,Unknown EMS Scene Arrival Minutes,99,Unknown,99,Unknown EMS Hospital Arrival Time,2
47,Tennessee,471104,0,0,1,1,0,1,1,127,MOORE (127),0,NOT APPLICABLE,11,November,21,21,2,Monday,2022,1,1:00am-1:59am,0,0,CR-CHESTNUT RIDGE RD,NA,4,County Road,1,Rural,6,Minor Collector,2,County Highway Agency,0,This section IS NOT on the NHS,0,No Special Jurisdiction,47,47,35.26363056,35.26363056,-86.28756111,-86.28756111,42,Tree (Standing Only),0,The First Harmful Event was Not a Collision with a Motor Vehicle in Transport,0,No,1,Non-Junction,1,Not an Intersection,4,On Roadside,0,None,2,Dark - Not Lighted,1,Clear,0,No,0000000,Not Applicable,99,Unknown,99,Unknown,99,Unknown EMS Scene Arrival Hour,99,Unknown EMS Scene Arrival Minutes,99,Unknown,99,Unknown EMS Hospital Arrival Time,1
47,Tennessee,471106,0,0,1,1,0,1,1,163,SULLIVAN (163),1280,KINGSPORT,11,November,22,22,3,Tuesday,2022,15,3:00pm-3:59pm,21,21,US-11W SR-1 W STONE DR,NA,2,US Highway,2,Urban,3,Principal Arterial - Other,1,State Highway Agency,1,This section IS ON the NHS,0,No Special Jurisdiction,3,3,36.55476944,36.55476944,-82.60923889,-82.60923889,42,Tree (Standing Only),0,The First Harmful Event was Not a Collision with a Motor Vehicle in Transport,0,No,1,Non-Junction,1,Not an Intersection,4,On Roadside,0,None,1,Daylight,1,Clear,0,No,0000000,Not Applicable,99,Unknown,99,Unknown,99,Unknown EMS Scene Arrival Hour,99,Unknown EMS Scene Arrival Minutes,88,Not Applicable (Not Transported),88,Not Applicable (Not Transported),1
47,Tennessee,471107,0,0,1,1,0,2,2,65,HAMILTON (65),0,NOT APPLICABLE,11,November,3,3,5,Thursday,2022,15,3:00pm-3:59pm,15,15,CR-PROVIDENCE RD,NA,4,County Road,1,Rural,6,Minor Collector,2,County Highway Agency,0,This section IS NOT on the NHS,0,No Special Jurisdiction,42,42,35.41513889,35.41513889,-85.06881944,-85.06881944,5,Fell/Jumped from Vehicle,0,The First Harmful Event was Not a Collision with a Motor Vehicle in Transport,0,No,1,Non-Junction,1,Not an Intersection,1,On Roadway,0,None,1,Daylight,1,Clear,0,No,0000000,Not Applicable,99,Unknown,99,Unknown,99,Unknown EMS Scene Arrival Hour,99,Unknown EMS Scene Arrival Minutes,99,Unknown,99,Unknown EMS Hospital Arrival Time,1
47,Tennessee,471108,1,1,3,3,0,3,3,93,KNOX (93),1300,KNOXVILLE,11,November,19,19,7,Saturday,2022,20,8:00pm-8:59pm,20,20,US-11/70 SR-1 E MAGNOLIA AVE,NA,2,US Highway,2,Urban,3,Principal Arterial - Other,1,State Highway Agency,1,This section IS ON the NHS,0,No Special Jurisdiction,232,232,35.99103333,35.99103333,-83.89015,-83.89015,8,Pedestrian,0,The First Harmful Event was Not a Collision with a Motor Vehicle in Transport,0,No,1,Non-Junction,1,Not an Intersection,1,On Roadway,0,None,3,Dark - Lighted,1,Clear,0,No,0000000,Not Applicable,99,Unknown,99,Unknown,99,Unknown EMS Scene Arrival Hour,99,Unknown EMS Scene Arrival Minutes,99,Unknown,99,Unknown EMS Hospital Arrival Time,1
47,Tennessee,471109,0,0,2,2,0,2,2,31,COFFEE (31),0,NOT APPLICABLE,11,November,22,22,3,Tuesday,2022,5,5:00am-5:59am,25,25,SR-55 MCMINNVILLE HWY,NA,3,State Highway,2,Urban,3,Principal Arterial - Other,1,State Highway Agency,1,This section IS ON the NHS,0,No Special Jurisdiction,158,158,35.4998,35.4998,-86.06243889,-86.06243889,12,Motor Vehicle In-Transport,1,Front-to-Rear,0,No,1,Non-Junction,1,Not an Intersection,1,On Roadway,0,None,2,Dark - Not Lighted,1,Clear,0,No,0000000,Not Applicable,99,Unknown,99,Unknown,99,Unknown EMS Scene Arrival Hour,99,Unknown EMS Scene Arrival Minutes,99,Unknown,99,Unknown EMS Hospital Arrival Time,1
47,Tennessee,471110,0,0,2,2,0,3,3,157,SHELBY (157),1620,MEMPHIS,11,November,22,22,3,Tuesday,2022,17,5:00pm-5:59pm,19,19,SR-4 EH CRUMP BLVD,NA,3,State Highway,2,Urban,3,Principal Arterial - Other,1,State Highway Agency,1,This section IS ON the NHS,0,No Special Jurisdiction,134,134,35.129875,35.129875,-90.03478056,-90.03478056,12,Motor Vehicle In-Transport,6,Angle,0,No,8,Driveway Access Related,1,Not an Intersection,1,On Roadway,0,None,3,Dark - Lighted,1,Clear,0,No,0000000,Not Applicable,99,Unknown,99,Unknown,99,Unknown EMS Scene Arrival Hour,99,Unknown EMS Scene Arrival Minutes,99,Unknown,99,Unknown EMS Hospital Arrival Time,1
47,Tennessee,471112,0,0,1,1,0,2,2,105,LOUDON (105),0,NOT APPLICABLE,11,November,24,24,5,Thursday,2022,16,4:00pm-4:59pm,20,20,I-75,NA,1,Interstate,2,Urban,1,Interstate,1,State Highway Agency,1,This section IS ON the NHS,0,No Special Jurisdiction,172,172,35.85771111,35.85771111,-84.26118889,-84.26118889,1,Rollover/Overturn,0,The First Harmful Event was Not a Collision with a Motor Vehicle in Transport,0,No,1,Non-Junction,1,Not an Intersection,3,On Median,0,None,1,Daylight,1,Clear,0,No,0000000,Not Applicable,99,Unknown,99,Unknown,99,Unknown EMS Scene Arrival Hour,99,Unknown EMS Scene Arrival Minutes,88,Not Applicable (Not Transported),88,Not Applicable (Not Transported),1
47,Tennessee,471113,1,1,1,1,0,1,1,157,SHELBY (157),1620,MEMPHIS,11,November,24,24,5,Thursday,2022,21,9:00pm-9:59pm,50,50,SR-175 SHELBY DR,NA,3,State Highway,2,Urban,4,Minor Arterial,1,State Highway Agency,0,This section IS NOT on the NHS,0,No Special Jurisdiction,34,34,35.02084444,35.02084444,-90.04756111,-90.04756111,8,Pedestrian,0,The First Harmful Event was Not a Collision with a Motor Vehicle in Transport,0,No,1,Non-Junction,1,Not an Intersection,1,On Roadway,0,None,3,Dark - Lighted,2,Rain,0,No,0000000,Not Applicable,99,Unknown,99,Unknown,99,Unknown EMS Scene Arrival Hour,99,Unknown EMS Scene Arrival Minutes,88,Not Applicable (Not Transported),88,Not Applicable (Not Transported),1
47,Tennessee,471114,0,0,1,1,0,1,1,35,CUMBERLAND (35),0,NOT APPLICABLE,11,November,19,19,7,Saturday,2022,0,0:00am-0:59am,25,25,CR-CAMILLE RD,NA,4,County Road,1,Rural,7,Local,2,County Highway Agency,0,This section IS NOT on the NHS,0,No Special Jurisdiction,0,None,35.78591944,35.78591944,-85.05453889,-85.05453889,38,Fence,0,The First Harmful Event was Not a Collision with a Motor Vehicle in Transport,0,No,1,Non-Junction,1,Not an Intersection,4,On Roadside,0,None,2,Dark - Not Lighted,1,Clear,0,No,0000000,Not Applicable,99,Unknown,99,Unknown,99,Unknown EMS Scene Arrival Hour,99,Unknown EMS Scene Arrival Minutes,99,Unknown,99,Unknown EMS Hospital Arrival Time,1
47,Tennessee,471116,0,0,1,1,0,2,2,157,SHELBY (157),1620,MEMPHIS,11,November,26,26,7,Saturday,2022,15,3:00pm-3:59pm,28,28,I-55,NA,1,Interstate,2,Urban,1,Interstate,1,State Highway Agency,1,This section IS ON the NHS,0,No Special Jurisdiction,18,18,35.02102222,35.02102222,-90.00268056,-90.00268056,30,Utility Pole/Light Support,0,The First Harmful Event was Not a Collision with a Motor Vehicle in Transport,0,No,1,Non-Junction,1,Not an Intersection,4,On Roadside,0,None,1,Daylight,2,Rain,0,No,0000000,Not Applicable,99,Unknown,99,Unknown,99,Unknown EMS Scene Arrival Hour,99,Unknown EMS Scene Arrival Minutes,99,Unknown,99,Unknown EMS Hospital Arrival Time,1
47,Tennessee,471117,1,1,1,1,0,1,1,157,SHELBY (157),1620,MEMPHIS,11,November,26,26,7,Saturday,2022,20,8:00pm-8:59pm,52,52,SR-14 JACKSON AVE,NA,3,State Highway,2,Urban,3,Principal Arterial - Other,1,State Highway Agency,1,This section IS ON the NHS,0,No Special Jurisdiction,186,186,35.17783333,35.17783333,-89.93743889,-89.93743889,8,Pedestrian,0,The First Harmful Event was Not a Collision with a Motor Vehicle in Transport,0,No,1,Non-Junction,1,Not an Intersection,1,On Roadway,0,None,3,Dark - Lighted,1,Clear,0,No,0000000,Not Applicable,99,Unknown,99,Unknown,99,Unknown EMS Scene Arrival Hour,99,Unknown EMS Scene Arrival Minutes,88,Not Applicable (Not Transported),88,Not Applicable (Not Transported),1
47,Tennessee,471118,0,0,1,1,0,1,1,93,KNOX (93),1300,KNOXVILLE,11,November,26,26,7,Saturday,2022,8,8:00am-8:59am,27,27,SR-168 W GOV JOHN SEVIER HWY,NA,3,State Highway,2,Urban,4,Minor Arterial,1,State Highway Agency,0,This section IS NOT on the NHS,0,No Special Jurisdiction,59,59,35.90133889,35.90133889,-83.85086944,-83.85086944,32,Culvert,0,The First Harmful Event was Not a Collision with a Motor Vehicle in Transport,0,No,1,Non-Junction,1,Not an Intersection,4,On Roadside,0,None,2,Dark - Not Lighted,1,Clear,0,No,0000000,Not Applicable,99,Unknown,99,Unknown,99,Unknown EMS Scene Arrival Hour,99,Unknown EMS Scene Arrival Minutes,88,Not Applicable (Not Transported),88,Not Applicable (Not Transported),1
47,Tennessee,471119,1,1,1,1,0,1,1,149,RUTHERFORD (149),0,NOT APPLICABLE,11,November,19,19,7,Saturday,2022,1,1:00am-1:59am,48,48,I-24,NA,1,Interstate,2,Urban,1,Interstate,1,State Highway Agency,1,This section IS ON the NHS,0,No Special Jurisdiction,20,20,35.98838889,35.98838889,-86.58563889,-86.58563889,9,Pedalcyclist,0,The First Harmful Event was Not a Collision with a Motor Vehicle in Transport,0,No,1,Non-Junction,1,Not an Intersection,1,On Roadway,0,None,2,Dark - Not Lighted,1,Clear,0,No,0000000,Not Applicable,99,Unknown,99,Unknown,99,Unknown EMS Scene Arrival Hour,99,Unknown EMS Scene Arrival Minutes,88,Not Applicable (Not Transported),88,Not Applicable (Not Transported),1
47,Tennessee,471120,0,1,2,1,1,2,1,107,MCMINN (107),0,NOT APPLICABLE,11,November,21,21,2,Monday,2022,23,11:00pm-11:59pm,0,0,I-75 RAMP,NA,1,Interstate,1,Rural,1,Interstate,1,State Highway Agency,1,This section IS ON the NHS,0,No Special Jurisdiction,74,74,35.3938,35.3938,-84.71885,-84.71885,14,Parked Motor Vehicle,0,The First Harmful Event was Not a Collision with a Motor Vehicle in Transport,1,Yes,5,Entrance/Exit Ramp Related,1,Not an Intersection,2,On Shoulder,0,None,2,Dark - Not Lighted,98,Not Reported,0,No,0000000,Not Applicable,99,Unknown,99,Unknown,99,Unknown EMS Scene Arrival Hour,99,Unknown EMS Scene Arrival Minutes,88,Not Applicable (Not Transported),88,Not Applicable (Not Transported),1
47,Tennessee,471121,0,0,1,1,0,1,1,43,DICKSON (43),0,NOT APPLICABLE,11,November,24,24,5,Thursday,2022,7,7:00am-7:59am,14,14,SR-48,NA,3,State Highway,1,Rural,4,Minor Arterial,1,State Highway Agency,0,This section IS NOT on the NHS,0,No Special Jurisdiction,199,199,36.21436111,36.21436111,-87.34323056,-87.34323056,42,Tree (Standing Only),0,The First Harmful Event was Not a Collision with a Motor Vehicle in Transport,0,No,1,Non-Junction,1,Not an Intersection,4,On Roadside,0,None,1,Daylight,10,Cloudy,0,No,0000000,Not Applicable,99,Unknown,99,Unknown,99,Unknown EMS Scene Arrival Hour,99,Unknown EMS Scene Arrival Minutes,99,Unknown,99,Unknown EMS Hospital Arrival Time,1
47,Tennessee,471122,0,0,2,2,0,2,2,185,WHITE (185),0,NOT APPLICABLE,10,October,23,23,1,Sunday,2022,13,1:00pm-1:59pm,48,48,SR-135 BURGESS FALLS RD,NA,3,State Highway,1,Rural,5,Major Collector,1,State Highway Agency,0,This section IS NOT on the NHS,0,No Special Jurisdiction,79,79,36.02998056,36.02998056,-85.58553056,-85.58553056,12,Motor Vehicle In-Transport,8,Sideswipe - Opposite Direction,0,No,1,Non-Junction,1,Not an Intersection,1,On Roadway,0,None,1,Daylight,1,Clear,0,No,0000000,Not Applicable,99,Unknown,99,Unknown,99,Unknown EMS Scene Arrival Hour,99,Unknown EMS Scene Arrival Minutes,99,Unknown,99,Unknown EMS Hospital Arrival Time,1
47,Tennessee,471123,1,1,1,1,0,1,1,157,SHELBY (157),1620,MEMPHIS,11,November,8,8,3,Tuesday,2022,22,10:00pm-10:59pm,54,54,SR-14 JACKSON AVE,NA,3,State Highway,2,Urban,3,Principal Arterial - Other,1,State Highway Agency,1,This section IS ON the NHS,0,No Special Jurisdiction,133,133,35.15800556,35.15800556,-90.02073889,-90.02073889,8,Pedestrian,0,The First Harmful Event was Not a Collision with a Motor Vehicle in Transport,0,No,1,Non-Junction,1,Not an Intersection,1,On Roadway,0,None,2,Dark - Not Lighted,1,Clear,0,No,0000000,Not Applicable,99,Unknown,99,Unknown,99,Unknown EMS Scene Arrival Hour,99,Unknown EMS Scene Arrival Minutes,99,Unknown,99,Unknown EMS Hospital Arrival Time,1
47,Tennessee,471124,1,1,1,1,0,1,1,37,DAVIDSON (37),1760,NASHVILLE,11,November,25,25,6,Friday,2022,18,6:00pm-6:59pm,15,15,US-31W/41 SR-11 DICKERSON PK,NA,2,US Highway,2,Urban,3,Principal Arterial - Other,1,State Highway Agency,1,This section IS ON the NHS,0,No Special Jurisdiction,154,154,36.21213889,36.21213889,-86.76503889,-86.76503889,8,Pedestrian,0,The First Harmful Event was Not a Collision with a Motor Vehicle in Transport,0,No,1,Non-Junction,1,Not an Intersection,1,On Roadway,0,None,3,Dark - Lighted,1,Clear,0,No,0000000,Not Applicable,99,Unknown,99,Unknown,99,Unknown EMS Scene Arrival Hour,99,Unknown EMS Scene Arrival Minutes,99,Unknown,99,Unknown EMS Hospital Arrival Time,1
47,Tennessee,471125,2,2,1,1,0,1,1,37,DAVIDSON (37),1760,NASHVILLE,11,November,26,26,7,Saturday,2022,22,10:00pm-10:59pm,6,6,OPRY MILLS DR,NA,6,Local Street - Municipality,2,Urban,7,Local,4,City or Municipal Highway Agency,0,This section IS NOT on the NHS,0,No Special Jurisdiction,99998,Not Reported,36.20513056,36.20513056,-86.69596944,-86.69596944,8,Pedestrian,0,The First Harmful Event was Not a Collision with a Motor Vehicle in Transport,0,No,1,Non-Junction,1,Not an Intersection,1,On Roadway,0,None,3,Dark - Lighted,2,Rain,0,No,0000000,Not Applicable,99,Unknown,99,Unknown,99,Unknown EMS Scene Arrival Hour,99,Unknown EMS Scene Arrival Minutes,99,Unknown,99,Unknown EMS Hospital Arrival Time,1
47,Tennessee,471126,1,1,1,1,0,1,1,157,SHELBY (157),1620,MEMPHIS,11,November,23,23,4,Wednesday,2022,5,5:00am-5:59am,35,35,US-31/51 SR-3,NA,2,US Highway,2,Urban,3,Principal Arterial - Other,1,State Highway Agency,1,This section IS ON the NHS,0,No Special Jurisdiction,207,207,35.25806111,35.25806111,-89.99516944,-89.99516944,8,Pedestrian,0,The First Harmful Event was Not a Collision with a Motor Vehicle in Transport,0,No,1,Non-Junction,1,Not an Intersection,1,On Roadway,0,None,2,Dark - Not Lighted,1,Clear,0,No,0000000,Not Applicable,99,Unknown,99,Unknown,99,Unknown EMS Scene Arrival Hour,99,Unknown EMS Scene Arrival Minutes,88,Not Applicable (Not Transported),88,Not Applicable (Not Transported),1
47,Tennessee,471127,0,0,2,2,0,3,3,47,FAYETTE (47),0,NOT APPLICABLE,11,November,23,23,4,Wednesday,2022,12,12:00pm-12:59pm,55,55,I-40,NA,1,Interstate,1,Rural,1,Interstate,1,State Highway Agency,1,This section IS ON the NHS,0,No Special Jurisdiction,160,160,35.39926111,35.39926111,-89.4008,-89.4008,1,Rollover/Overturn,0,The First Harmful Event was Not a Collision with a Motor Vehicle in Transport,0,No,1,Non-Junction,1,Not an Intersection,1,On Roadway,0,None,1,Daylight,1,Clear,0,No,0000000,Not Applicable,99,Unknown,99,Unknown,99,Unknown EMS Scene Arrival Hour,99,Unknown EMS Scene Arrival Minutes,99,Unknown,99,Unknown EMS Hospital Arrival Time,1
47,Tennessee,471129,0,0,1,1,0,1,1,45,DYER (45),0,NOT APPLICABLE,11,November,29,29,3,Tuesday,2022,22,10:00pm-10:59pm,1,1,CR-OLD HWY 20,STOKES RD,4,County Road,1,Rural,6,Minor Collector,2,County Highway Agency,0,This section IS NOT on the NHS,0,No Special Jurisdiction,50,50,35.95106111,35.95106111,-89.24301111,-89.24301111,34,Ditch,0,The First Harmful Event was Not a Collision with a Motor Vehicle in Transport,0,No,3,Intersection-Related,4,Y-Intersection,4,On Roadside,0,None,2,Dark - Not Lighted,10,Cloudy,0,No,0000000,Not Applicable,99,Unknown,99,Unknown,99,Unknown EMS Scene Arrival Hour,99,Unknown EMS Scene Arrival Minutes,88,Not Applicable (Not Transported),88,Not Applicable (Not Transported),1
47,Tennessee,471130,0,0,2,2,0,2,2,105,LOUDON (105),1460,LOUDON,11,November,14,14,2,Monday,2022,13,1:00pm-1:59pm,5,5,US-11 SR-2 W LEE HWY,SR-72,2,US Highway,2,Urban,3,Principal Arterial - Other,1,State Highway Agency,0,This section IS NOT on the NHS,0,No Special Jurisdiction,47,47,35.71841111,35.71841111,-84.35828889,-84.35828889,12,Motor Vehicle In-Transport,6,Angle,0,No,2,Intersection,2,Four-Way Intersection,1,On Roadway,0,None,1,Daylight,1,Clear,0,No,0000000,Not Applicable,99,Unknown,99,Unknown,99,Unknown EMS Scene Arrival Hour,99,Unknown EMS Scene Arrival Minutes,99,Unknown,99,Unknown EMS Hospital Arrival Time,1
47,Tennessee,471131,0,0,1,1,0,2,2,11,BRADLEY (11),0,NOT APPLICABLE,11,November,23,23,4,Wednesday,2022,17,5:00pm-5:59pm,45,45,SR-317 WEATHERLY SWITCH TRL SW,NA,3,State Highway,1,Rural,5,Major Collector,1,State Highway Agency,0,This section IS NOT on the NHS,0,No Special Jurisdiction,1,1,35.00935,35.00935,-84.9626,-84.9626,42,Tree (Standing Only),0,The First Harmful Event was Not a Collision with a Motor Vehicle in Transport,0,No,1,Non-Junction,1,Not an Intersection,4,On Roadside,0,None,5,Dusk,1,Clear,0,No,0000000,Not Applicable,99,Unknown,99,Unknown,99,Unknown EMS Scene Arrival Hour,99,Unknown EMS Scene Arrival Minutes,99,Unknown,99,Unknown EMS Hospital Arrival Time,1