STATE,STATENAME,ST_CASE,PEDS,PERNOTMVIT,VE_TOTAL,VE_FORMS,PVH_INVL,PERSONS,PERMVIT,COUNTY,COUNTYNAME,CITY,CITYNAME,MONTH,MONTHNAME,DAY,DAYNAME,DAY_WEEK,DAY_WEEKNAME,YEAR,HOUR,HOURNAME,MINUTE,MINUTENAME,TWAY_ID,TWAY_ID2,ROUTE,ROUTENAME,RUR_URB,RUR_URBNAME,FUNC_SYS,FUNC_SYSNAME,RD_OWNER,RD_OWNERNAME,NHS,NHSNAME,SP_JUR,SP_JURNAME,MILEPT,MILEPTNAME,LATITUDE,LATITUDENAME,LONGITUD,LONGITUDNAME,HARM_EV,HARM_EVNAME,MAN_COLL,MAN_COLLNAME,RELJCT1,RELJCT1NAME,RELJCT2,RELJCT2NAME,TYP_INT,TYP_INTNAME,REL_ROAD,REL_ROADNAME,WRK_ZONE,WRK_ZONENAME,LGT_COND,LGT_CONDNAME,WEATHER,WEATHERNAME,SCH_BUS,SCH_BUSNAME,RAIL,RAILNAME,NOT_HOUR,NOT_HOURNAME,NOT_MIN,NOT_MINNAME,ARR_HOUR,ARR_HOURNAME,ARR_MIN,ARR_MINNAME,HOSP_HR,HOSP_HRNAME,HOSP_MN,HOSP_MNNAME,FATALS
47,Tennessee,471132,0,0,1,1,0,2,2,187,WILLIAMSON (187),833,FAIRVIEW,11,November,28,28,2,Monday,2022,19,7:00pm-7:59pm,43,43,SR-96,NA,3,State Highway,2,Urban,3,Principal Arterial - Other,1,State Highway Agency,0,This section IS NOT on the NHS,0,No Special Jurisdiction,18,18,36.01618056,36.01618056,-87.15803056,-87.15803056,42,Tree (Standing Only),0,The First Harmful Event was Not a Collision with a Motor Vehicle in Transport,0,No,1,Non-Junction,1,Not an Intersection,4,On Roadside,0,None,2,Dark - Not Lighted,1,Clear,0,No,0000000,Not Applicable,99,Unknown,99,Unknown,99,Unknown EMS Scene Arrival Hour,99,Unknown EMS Scene Arrival Minutes,99,Unknown,99,Unknown EMS Hospital Arrival Time,1
47,Tennessee,471133,0,0,1,1,0,2,2,93,KNOX (93),0,NOT APPLICABLE,11,November,30,30,4,Wednesday,2022,9,9:00am-9:59am,45,45,CR-SOLWAY RD,GREYSTONE SUMMIT BLVD,4,County Road,2,Urban,6,Minor Collector,2,County Highway Agency,0,This section IS NOT on the NHS,0,No Special Jurisdiction,24,24,35.95372222,35.95372222,-84.16571111,-84.16571111,32,Culvert,0,The First Harmful Event was Not a Collision with a Motor Vehicle in Transport,0,No,3,Intersection-Related,3,T-Intersection,4,On Roadside,0,None,7,Other,2,Rain,0,No,0000000,Not Applicable,99,Unknown,99,Unknown,99,Unknown EMS Scene Arrival Hour,99,Unknown EMS Scene Arrival Minutes,88,Not Applicable (Not Transported),88,Not Applicable (Not Transported),2
47,Tennessee,471134,0,1,2,1,1,2,1,77,HENDERSON (77),0,NOT APPLICABLE,10,October,30,30,1,Sunday,2022,22,10:00pm-10:59pm,50,50,I-40,NA,1,Interstate,1,Rural,1,Interstate,1,State Highway Agency,1,This section IS ON the NHS,0,No Special Jurisdiction,71,71,35.76011944,35.76011944,-88.49058889,-88.49058889,14,Parked Motor Vehicle,0,The First Harmful Event was Not a Collision with a Motor Vehicle in Transport,0,No,1,Non-Junction,1,Not an Intersection,4,On Roadside,0,None,2,Dark - Not Lighted,10,Cloudy,0,No,0000000,Not Applicable,99,Unknown,99,Unknown,99,Unknown EMS Scene Arrival Hour,99,Unknown EMS Scene Arrival Minutes,99,Unknown,99,Unknown EMS Hospital Arrival Time,1
47,Tennessee,471135,0,0,1,1,0,1,1,119,MAURY (119),1045,HAMPSHIRE,11,November,23,23,4,Wednesday,2022,20,8:00pm-8:59pm,56,56,US-412 SR-99 HAMPSHIRE PK,NA,2,US Highway,1,Rural,3,Principal Arterial - Other,1,State Highway Agency,1,This section IS ON the NHS,0,No Special Jurisdiction,25,25,35.5952,35.5952,-87.29725,-87.29725,23,Bridge Rail (Includes parapet),0,The First Harmful Event was Not a Collision with a Motor Vehicle in Transport,0,No,1,Non-Junction,1,Not an Intersection,4,On Roadside,0,None,2,Dark - Not Lighted,1,Clear,0,No,0000000,Not Applicable,99,Unknown,99,Unknown,99,Unknown EMS Scene Arrival Hour,99,Unknown EMS Scene Arrival Minutes,99,Unknown,99,Unknown EMS Hospital Arrival Time,1
47,Tennessee,471136,0,0,1,1,0,1,1,31,COFFEE (31),0,NOT APPLICABLE,11,November,10,10,5,Thursday,2022,4,4:00am-4:59am,52,52,I-24,NA,1,Interstate,1,Rural,1,Interstate,1,State Highway Agency,1,This section IS ON the NHS,0,No Special Jurisdiction,262,262,35.35208056,35.35208056,-85.95021944,-85.95021944,35,Embankment,0,The First Harmful Event was Not a Collision with a Motor Vehicle in Transport,0,No,1,Non-Junction,1,Not an Intersection,4,On Roadside,0,None,4,Dawn,1,Clear,0,No,0000000,Not Applicable,99,Unknown,99,Unknown,99,Unknown EMS Scene Arrival Hour,99,Unknown EMS Scene Arrival Minutes,99,Unknown,99,Unknown EMS Hospital Arrival Time,1
47,Tennessee,471137,0,0,2,2,0,2,2,189,WILSON (189),0,NOT APPLICABLE,10,October,7,7,6,Friday,2022,12,12:00pm-12:59pm,34,34,SR-109,CR-SPENCE CREEK DR,3,State Highway,2,Urban,3,Principal Arterial - Other,1,State Highway Agency,1,This section IS ON the NHS,0,No Special Jurisdiction,89,89,36.25231111,36.25231111,-86.43625,-86.43625,12,Motor Vehicle In-Transport,6,Angle,0,No,2,Intersection,3,T-Intersection,1,On Roadway,0,None,1,Daylight,1,Clear,0,No,0000000,Not Applicable,99,Unknown,99,Unknown,99,Unknown EMS Scene Arrival Hour,99,Unknown EMS Scene Arrival Minutes,99,Unknown,99,Unknown EMS Hospital Arrival Time,1
47,Tennessee,471138,0,0,5,4,1,6,6,157,SHELBY (157),1620,MEMPHIS,12,December,2,2,6,Friday,2022,0,0:00am-0:59am,33,33,I-240,NA,1,Interstate,2,Urban,1,Interstate,1,State Highway Agency,1,This section IS ON the NHS,0,No Special Jurisdiction,155,155,35.10181389,35.10181389,-89.87006111,-89.87006111,14,Parked Motor Vehicle,0,The First Harmful Event was Not a Collision with a Motor Vehicle in Transport,0,No,1,Non-Junction,1,Not an Intersection,2,On Shoulder,0,None,3,Dark - Lighted,1,Clear,0,No,0000000,Not Applicable,99,Unknown,99,Unknown,99,Unknown EMS Scene Arrival Hour,99,Unknown EMS Scene Arrival Minutes,88,Not Applicable (Not Transported),88,Not Applicable (Not Transported),1
47,Tennessee,471139,1,1,1,1,0,1,1,157,SHELBY (157),1620,MEMPHIS,12,December,2,2,6,Friday,2022,17,5:00pm-5:59pm,35,35,SR-204 COVINGTON PK,NA,3,State Highway,2,Urban,3,Principal Arterial - Other,1,State Highway Agency,1,This section IS ON the NHS,0,No Special Jurisdiction,41,41,35.22731944,35.22731944,-89.89298056,-89.89298056,9,Pedalcyclist,0,The First Harmful Event was Not a Collision with a Motor Vehicle in Transport,0,No,1,Non-Junction,1,Not an Intersection,1,On Roadway,0,None,3,Dark - Lighted,1,Clear,0,No,0000000,Not Applicable,99,Unknown,99,Unknown,99,Unknown EMS Scene Arrival Hour,99,Unknown EMS Scene Arrival Minutes,88,Not Applicable (Not Transported),88,Not Applicable (Not Transported),1
47,Tennessee,471140,0,0,1,1,0,1,1,157,SHELBY (157),1620,MEMPHIS,12,December,1,1,5,Thursday,2022,3,3:00am-3:59am,44,44,I-40,NA,1,Interstate,2,Urban,1,Interstate,1,State Highway Agency,1,This section IS ON the NHS,0,No Special Jurisdiction,166,166,35.17046944,35.17046944,-89.8482,-89.8482,42,Tree (Standing Only),0,The First Harmful Event was Not a Collision with a Motor Vehicle in Transport,0,No,1,Non-Junction,1,Not an Intersection,4,On Roadside,0,None,3,Dark - Lighted,1,Clear,0,No,0000000,Not Applicable,99,Unknown,99,Unknown,99,Unknown EMS Scene Arrival Hour,99,Unknown EMS Scene Arrival Minutes,88,Not Applicable (Not Transported),88,Not Applicable (Not Transported),1
47,Tennessee,471141,0,0,3,3,0,5,5,93,KNOX (93),1300,KNOXVILLE,10,October,23,23,1,Sunday,2022,15,3:00pm-3:59pm,36,36,I-40,NA,1,Interstate,2,Urban,1,Interstate,1,State Highway Agency,1,This section IS ON the NHS,0,No Special Jurisdiction,300,300,36.004525,36.004525,-83.75941944,-83.75941944,12,Motor Vehicle In-Transport,1,Front-to-Rear,0,No,1,Non-Junction,1,Not an Intersection,1,On Roadway,0,None,1,Daylight,1,Clear,0,No,0000000,Not Applicable,99,Unknown,99,Unknown,99,Unknown EMS Scene Arrival Hour,99,Unknown EMS Scene Arrival Minutes,99,Unknown,99,Unknown EMS Hospital Arrival Time,1
47,Tennessee,471142,0,0,2,2,0,3,3,93,KNOX (93),1300,KNOXVILLE,10,October,26,26,4,Wednesday,2022,21,9:00pm-9:59pm,46,46,GLEASON DR,NA,6,Local Street - Municipality,2,Urban,5,Major Collector,4,City or Municipal Highway Agency,0,This section IS NOT on the NHS,0,No Special Jurisdiction,25,25,35.920475,35.920475,-84.043475,-84.043475,12,Motor Vehicle In-Transport,6,Angle,0,No,8,Driveway Access Related,1,Not an Intersection,1,On Roadway,0,None,2,Dark - Not Lighted,1,Clear,0,No,0000000,Not Applicable,99,Unknown,99,Unknown,99,Unknown EMS Scene Arrival Hour,99,Unknown EMS Scene Arrival Minutes,99,Unknown,99,Unknown EMS Hospital Arrival Time,1
47,Tennessee,471143,0,0,1,1,0,2,2,155,SEVIER (155),0,NOT APPLICABLE,11,November,20,20,1,Sunday,2022,3,3:00am-3:59am,10,10,CR-ROBERT HENDERSON RD,NA,4,County Road,1,Rural,6,Minor Collector,2,County Highway Agency,0,This section IS NOT on the NHS,0,No Special Jurisdiction,25,25,35.86965,35.86965,-83.50931944,-83.50931944,42,Tree (Standing Only),0,The First Harmful Event was Not a Collision with a Motor Vehicle in Transport,0,No,1,Non-Junction,1,Not an Intersection,4,On Roadside,0,None,2,Dark - Not Lighted,1,Clear,0,No,0000000,Not Applicable,99,Unknown,99,Unknown,99,Unknown EMS Scene Arrival Hour,99,Unknown EMS Scene Arrival Minutes,99,Unknown,99,Unknown EMS Hospital Arrival Time,1
47,Tennessee,471144,0,0,1,1,0,1,1,17,CARROLL (17),0,NOT APPLICABLE,12,December,3,3,7,Saturday,2022,7,7:00am-7:59am,55,55,US-70 SR-1,NA,2,US Highway,1,Rural,4,Minor Arterial,1,State Highway Agency,0,This section IS NOT on the NHS,0,No Special Jurisdiction,153,153,35.95036111,35.95036111,-88.47023889,-88.47023889,42,Tree (Standing Only),0,The First Harmful Event was Not a Collision with a Motor Vehicle in Transport,0,No,1,Non-Junction,1,Not an Intersection,4,On Roadside,0,None,1,Daylight,10,Cloudy,0,No,0000000,Not Applicable,99,Unknown,99,Unknown,99,Unknown EMS Scene Arrival Hour,99,Unknown EMS Scene Arrival Minutes,99,Unknown,99,Unknown EMS Hospital Arrival Time,1
47,Tennessee,471145,0,0,2,2,0,2,2,1,ANDERSON (1),1850,OAK RIDGE,12,December,3,3,7,Saturday,2022,17,5:00pm-5:59pm,6,6,SR-62 S ILLINOIS AVE,NA,3,State Highway,2,Urban,3,Principal Arterial - Other,1,State Highway Agency,1,This section IS ON the NHS,0,No Special Jurisdiction,37,37,36.00148056,36.00148056,-84.24238056,-84.24238056,12,Motor Vehicle In-Transport,2,Front-to-Front,0,No,1,Non-Junction,1,Not an Intersection,1,On Roadway,0,None,5,Dusk,1,Clear,0,No,0000000,Not Applicable,99,Unknown,99,Unknown,99,Unknown EMS Scene Arrival Hour,99,Unknown EMS Scene Arrival Minutes,99,Unknown,99,Unknown EMS Hospital Arrival Time,1
47,Tennessee,471146,0,0,1,1,0,1,1,47,FAYETTE (47),2270,SOMERVILLE,9,September,23,23,6,Friday,2022,17,5:00pm-5:59pm,13,13,SR-76,SR-195,3,State Highway,1,Rural,4,Minor Arterial,1,State Highway Agency,0,This section IS NOT on the NHS,0,No Special Jurisdiction,113,113,35.22076111,35.22076111,-89.34971111,-89.34971111,59,Traffic Sign Support,0,The First Harmful Event was Not a Collision with a Motor Vehicle in Transport,0,No,3,Intersection-Related,4,Y-Intersection,4,On Roadside,0,None,1,Daylight,1,Clear,0,No,0000000,Not Applicable,99,Unknown,99,Unknown,99,Unknown EMS Scene Arrival Hour,99,Unknown EMS Scene Arrival Minutes,99,Unknown,99,Unknown EMS Hospital Arrival Time,1
47,Tennessee,471147,0,0,1,1,0,1,1,73,HAWKINS (73),405,CHURCH HILL,11,November,24,24,5,Thursday,2022,19,7:00pm-7:59pm,51,51,US-11W SR-1,NA,2,US Highway,2,Urban,3,Principal Arterial - Other,1,State Highway Agency,1,This section IS ON the NHS,0,No Special Jurisdiction,359,359,36.52008056,36.52008056,-82.7,-82.7,42,Tree (Standing Only),0,The First Harmful Event was Not a Collision with a Motor Vehicle in Transport,0,No,1,Non-Junction,1,Not an Intersection,4,On Roadside,0,None,3,Dark - Lighted,1,Clear,0,No,0000000,Not Applicable,99,Unknown,99,Unknown,99,Unknown EMS Scene Arrival Hour,99,Unknown EMS Scene Arrival Minutes,99,Unknown,99,Unknown EMS Hospital Arrival Time,1
47,Tennessee,471148,0,0,1,1,0,1,1,49,FENTRESS (49),0,NOT APPLICABLE,11,November,30,30,4,Wednesday,2022,13,1:00pm-1:59pm,30,30,CR-ALF THREET RD,NA,4,County Road,1,Rural,7,Local,2,County Highway Agency,0,This section IS NOT on the NHS,0,No Special Jurisdiction,11,11,36.3962,36.3962,-84.92731944,-84.92731944,1,Rollover/Overturn,0,The First Harmful Event was Not a Collision with a Motor Vehicle in Transport,0,No,1,Non-Junction,1,Not an Intersection,4,On Roadside,0,None,1,Daylight,1,Clear,0,No,0000000,Not Applicable,99,Unknown,99,Unknown,99,Unknown EMS Scene Arrival Hour,99,Unknown EMS Scene Arrival Minutes,88,Not Applicable (Not Transported),88,Not Applicable (Not Transported),1
47,Tennessee,471149,1,1,1,1,0,1,1,37,DAVIDSON (37),1760,NASHVILLE,11,November,30,30,4,Wednesday,2022,20,8:00pm-8:59pm,20,20,US-31A/41 SR-1 LAFAYETTE ST,NA,2,US Highway,2,Urban,3,Principal Arterial - Other,1,State Highway Agency,1,This section IS ON the NHS,0,No Special Jurisdiction,184,184,36.15165,36.15165,-86.7708,-86.7708,8,Pedestrian,0,The First Harmful Event was Not a Collision with a Motor Vehicle in Transport,0,No,1,Non-Junction,1,Not an Intersection,1,On Roadway,0,None,2,Dark - Not Lighted,1,Clear,0,No,0000000,Not Applicable,99,Unknown,99,Unknown,99,Unknown EMS Scene Arrival Hour,99,Unknown EMS Scene Arrival Minutes,99,Unknown,99,Unknown EMS Hospital Arrival Time,1
47,Tennessee,471150,0,0,1,1,0,1,1,91,JOHNSON (91),0,NOT APPLICABLE,11,November,25,25,6,Friday,2022,20,8:00pm-8:59pm,17,17,CR-NORRIS RD,NA,4,County Road,1,Rural,7,Local,2,County Highway Agency,0,This section IS NOT on the NHS,0,No Special Jurisdiction,6,6,36.2969,36.2969,-81.97381111,-81.97381111,18,Other Object (not fixed),0,The First Harmful Event was Not a Collision with a Motor Vehicle in Transport,0,No,1,Non-Junction,1,Not an Intersection,4,On Roadside,0,None,2,Dark - Not Lighted,1,Clear,0,No,0000000,Not Applicable,99,Unknown,99,Unknown,99,Unknown EMS Scene Arrival Hour,99,Unknown EMS Scene Arrival Minutes,88,Not Applicable (Not Transported),88,Not Applicable (Not Transported),1
47,Tennessee,471151,0,0,1,1,0,2,2,65,HAMILTON (65),0,NOT APPLICABLE,12,December,5,5,2,Monday,2022,7,7:00am-7:59am,4,4,CR-HALE RD,NA,4,County Road,2,Urban,7,Local,2,County Highway Agency,0,This section IS NOT on the NHS,0,No Special Jurisdiction,3,3,35.1882,35.1882,-85.181780560000007,-85.181780560000007,42,Tree (Standing Only),0,The First Harmful Event was Not a Collision with a Motor Vehicle in Transport,0,No,1,Non-Junction,1,Not an Intersection,4,On Roadside,0,None,4,Dawn,2,Rain,0,No,0000000,Not Applicable,99,Unknown,99,Unknown,99,Unknown EMS Scene Arrival Hour,99,Unknown EMS Scene Arrival Minutes,99,Unknown,99,Unknown EMS Hospital Arrival Time,1
47,Tennessee,471152,0,0,1,1,0,1,1,149,RUTHERFORD (149),1345,LA VERGNE,11,November,27,27,1,Sunday,2022,8,8:00am-8:59am,20,20,WALDRON RD,NA,6,Local Street - Municipality,2,Urban,7,Local,4,City or Municipal Highway Agency,0,This section IS NOT on the NHS,0,No Special Jurisdiction,18,18,35.96961111,35.96961111,-86.60036944,-86.60036944,42,Tree (Standing Only),0,The First Harmful Event was Not a Collision with a Motor Vehicle in Transport,0,No,1,Non-Junction,1,Not an Intersection,4,On Roadside,0,None,1,Daylight,1,Clear,0,No,0000000,Not Applicable,99,Unknown,99,Unknown,99,Unknown EMS Scene Arrival Hour,99,Unknown EMS Scene Arrival Minutes,99,Unknown,99,Unknown EMS Hospital Arrival Time,1
47,Tennessee,471153,0,0,1,1,0,1,1,35,CUMBERLAND (35),0,NOT APPLICABLE,12,December,5,5,2,Monday,2022,14,2:00pm-2:59pm,33,33,SR-101 LANTANA RD,NA,3,State Highway,2,Urban,5,Major Collector,1,State Highway Agency,0,This section IS NOT on the NHS,0,No Special Jurisdiction,110,110,35.89436944,35.89436944,-85.07951111,-85.07951111,1,Rollover/Overturn,0,The First Harmful Event was Not a Collision with a Motor Vehicle in Transport,0,No,1,Non-Junction,1,Not an Intersection,4,On Roadside,0,None,1,Daylight,2,Rain,0,No,0000000,Not Applicable,99,Unknown,99,Unknown,99,Unknown EMS Scene Arrival Hour,99,Unknown EMS Scene Arrival Minutes,99,Unknown,99,Unknown EMS Hospital Arrival Time,1
47,Tennessee,471154,0,0,3,3,0,3,3,89,JEFFERSON (89),0,NOT APPLICABLE,12,December,5,5,2,Monday,2022,22,10:00pm-10:59pm,39,39,I-40,NA,1,Interstate,1,Rural,1,Interstate,1,State Highway Agency,1,This section IS ON the NHS,0,No Special Jurisdiction,29,29,36.01086111,36.01086111,-83.52251111,-83.52251111,12,Motor Vehicle In-Transport,6,Angle,0,No,1,Non-Junction,1,Not an Intersection,1,On Roadway,0,None,2,Dark - Not Lighted,2,Rain,0,No,0000000,Not Applicable,99,Unknown,99,Unknown,99,Unknown EMS Scene Arrival Hour,99,Unknown EMS Scene Arrival Minutes,88,Not Applicable (Not Transported),88,Not Applicable (Not Transported),1
47,Tennessee,471155,1,1,1,1,0,1,1,157,SHELBY (157),1620,MEMPHIS,12,December,6,6,3,Tuesday,2022,99,Unknown Hours,99,Unknown Minutes,KIRBY PKWY,NA,6,Local Street - Municipality,2,Urban,4,Minor Arterial,4,City or Municipal Highway Agency,0,This section IS NOT on the NHS,0,No Special Jurisdiction,48,48,35.06425556,35.06425556,-89.84373056,-89.84373056,8,Pedestrian,0,The First Harmful Event was Not a Collision with a Motor Vehicle in Transport,0,No,1,Non-Junction,1,Not an Intersection,1,On Roadway,0,None,3,Dark - Lighted,2,Rain,0,No,0000000,Not Applicable,99,Unknown,99,Unknown,99,Unknown EMS Scene Arrival Hour,99,Unknown EMS Scene Arrival Minutes,99,Unknown,99,Unknown EMS Hospital Arrival Time,1
47,Tennessee,471156,0,0,4,4,0,5,5,177,WARREN (177),0,NOT APPLICABLE,12,December,6,6,3,Tuesday,2022,6,6:00am-6:59am,45,45,SR-55 MANCHESTER HWY,NA,3,State Highway,2,Urban,3,Principal Arterial - Other,1,State Highway Agency,1,This section IS ON the NHS,0,No Special Jurisdiction,70,70,35.63785,35.63785,-85.84266111,-85.84266111,12,Motor Vehicle In-Transport,2,Front-to-Front,0,No,1,Non-Junction,1,Not an Intersection,1,On Roadway,0,None,1,Daylight,2,Rain,0,No,0000000,Not Applicable,99,Unknown,99,Unknown,99,Unknown EMS Scene Arrival Hour,99,Unknown EMS Scene Arrival Minutes,99,Unknown,99,Unknown EMS Hospital Arrival Time,2
47,Tennessee,471158,1,1,1,1,0,1,1,157,SHELBY (157),1620,MEMPHIS,12,December,1,1,5,Thursday,2022,23,11:00pm-11:59pm,33,33,MCCRORY RD,STRATFORD RD,6,Local Street - Municipality,2,Urban,4,Minor Arterial,4,City or Municipal Highway Agency,0,This section IS NOT on the NHS,0,No Special Jurisdiction,94,94,35.16092222,35.16092222,-89.90584444,-89.90584444,8,Pedestrian,0,The First Harmful Event was Not a Collision with a Motor Vehicle in Transport,0,No,3,Intersection-Related,2,Four-Way Intersection,1,On Roadway,0,None,3,Dark - Lighted,1,Clear,0,No,0000000,Not Applicable,99,Unknown,99,Unknown,99,Unknown EMS Scene Arrival Hour,99,Unknown EMS Scene Arrival Minutes,99,Unknown,99,Unknown EMS Hospital Arrival Time,1
47,Tennessee,471159,1,1,1,1,0,1,1,157,SHELBY (157),1620,MEMPHIS,12,December,6,6,3,Tuesday,2022,18,6:00pm-6:59pm,55,55,RIVERDALE RD,NA,6,Local Street - Municipality,2,Urban,3,Principal Arterial - Other,4,City or Municipal Highway Agency,1,This section IS ON the NHS,0,No Special Jurisdiction,17,17,35.01888889,35.01888889,-89.83071944,-89.83071944,8,Pedestrian,0,The First Harmful Event was Not a Collision with a Motor Vehicle in Transport,0,No,1,Non-Junction,1,Not an Intersection,1,On Roadway,0,None,3,Dark - Lighted,2,Rain,0,No,0000000,Not Applicable,99,Unknown,99,Unknown,99,Unknown EMS Scene Arrival Hour,99,Unknown EMS Scene Arrival Minutes,88,Not Applicable (Not Transported),88,Not Applicable (Not Transported),1
47,Tennessee,471161,0,0,1,1,0,3,3,51,FRANKLIN (51),0,NOT APPLICABLE,12,December,5,5,2,Monday,2022,15,3:00pm-3:59pm,40,40,SR-130 OLD TULLAHOMA RD,NA,3,State Highway,1,Rural,5,Major Collector,1,State Highway Agency,0,This section IS NOT on the NHS,0,No Special Jurisdiction,101,101,35.22153889,35.22153889,-86.16793056,-86.16793056,35,Embankment,0,The First Harmful Event was Not a Collision with a Motor Vehicle in Transport,0,No,1,Non-Junction,1,Not an Intersection,4,On Roadside,0,None,1,Daylight,2,Rain,0,No,0000000,Not Applicable,99,Unknown,99,Unknown,99,Unknown EMS Scene Arrival Hour,99,Unknown EMS Scene Arrival Minutes,99,Unknown,99,Unknown EMS Hospital Arrival Time,1
47,Tennessee,471162,0,0,1,1,0,1,1,73,HAWKINS (73),0,NOT APPLICABLE,10,October,30,30,1,Sunday,2022,15,3:00pm-3:59pm,0,0,CR-STANLEY VALLEY RD,NA,4,County Road,1,Rural,6,Minor Collector,2,County Highway Agency,0,This section IS NOT on the NHS,0,No Special Jurisdiction,15,15,36.47315,36.47315,-82.9449,-82.9449,34,Ditch,0,The First Harmful Event was Not a Collision with a Motor Vehicle in Transport,0,No,1,Non-Junction,1,Not an Intersection,4,On Roadside,0,None,1,Daylight,10,Cloudy,0,No,0000000,Not Applicable,99,Unknown,99,Unknown,99,Unknown EMS Scene Arrival Hour,99,Unknown EMS Scene Arrival Minutes,99,Unknown,99,Unknown EMS Hospital Arrival Time,1
47,Tennessee,471163,1,1,1,1,0,1,1,37,DAVIDSON (37),1760,NASHVILLE,12,December,6,6,3,Tuesday,2022,17,5:00pm-5:59pm,47,47,OAKWOOD AVE,SLAYDON DR,6,Local Street - Municipality,2,Urban,7,Local,4,City or Municipal Highway Agency,0,This section IS NOT on the NHS,0,No Special Jurisdiction,4,4,36.21078056,36.21078056,-86.75371944,-86.75371944,8,Pedestrian,0,The First Harmful Event was Not a Collision with a Motor Vehicle in Transport,0,No,3,Intersection-Related,2,Four-Way Intersection,1,On Roadway,0,None,3,Dark - Lighted,2,Rain,0,No,0000000,Not Applicable,99,Unknown,99,Unknown,99,Unknown EMS Scene Arrival Hour,99,Unknown EMS Scene Arrival Minutes,88,Not Applicable (Not Transported),88,Not Applicable (Not Transported),1
47,Tennessee,471164,0,0,1,1,0,3,3,101,LEWIS (101),0,NOT APPLICABLE,12,December,8,8,5,Thursday,2022,12,12:00pm-12:59pm,20,20,CR-NAPIER LAKE RD,NA,4,County Road,1,Rural,6,Minor Collector,2,County Highway Agency,0,This section IS NOT on the NHS,0,No Special Jurisdiction,26,26,35.45041111,35.45041111,-87.50563889,-87.50563889,42,Tree (Standing Only),0,The First Harmful Event was Not a Collision with a Motor Vehicle in Transport,0,No,1,Non-Junction,1,Not an Intersection,4,On Roadside,0,None,1,Daylight,2,Rain,0,No,0000000,Not Applicable,99,Unknown,99,Unknown,99,Unknown EMS Scene Arrival Hour,99,Unknown EMS Scene Arrival Minutes,99,Unknown,99,Unknown EMS Hospital Arrival Time,1
47,Tennessee,471165,0,0,2,2,0,2,2,59,GREENE (59),1715,MOSHEIM,11,November,14,14,2,Monday,2022,13,1:00pm-1:59pm,20,20,US-11E SR-34 W ANDREW JOHNSON,N SPRING ST,2,US Highway,1,Rural,3,Principal Arterial - Other,1,State Highway Agency,1,This section IS ON the NHS,0,No Special Jurisdiction,80,80,36.18803056,36.18803056,-82.96005,-82.96005,12,Motor Vehicle In-Transport,6,Angle,0,No,2,Intersection,2,Four-Way Intersection,1,On Roadway,0,None,1,Daylight,1,Clear,0,No,0000000,Not Applicable,99,Unknown,99,Unknown,99,Unknown EMS Scene Arrival Hour,99,Unknown EMS Scene Arrival Minutes,99,Unknown,99,Unknown EMS Hospital Arrival Time,1
47,Tennessee,471166,0,0,1,1,0,2,2,147,ROBERTSON (147),0,NOT APPLICABLE,11,November,19,19,7,Saturday,2022,8,8:00am-8:59am,29,29,I-65,NA,1,Interstate,2,Urban,1,Interstate,1,State Highway Agency,1,This section IS ON the NHS,0,No Special Jurisdiction,164,164,36.62008056,36.62008056,-86.57728889,-86.57728889,52,Guardrail End,0,The First Harmful Event was Not a Collision with a Motor Vehicle in Transport,0,No,1,Non-Junction,1,Not an Intersection,3,On Median,1,Construction,1,Daylight,1,Clear,0,No,0000000,Not Applicable,99,Unknown,99,Unknown,99,Unknown EMS Scene Arrival Hour,99,Unknown EMS Scene Arrival Minutes,99,Unknown,99,Unknown EMS Hospital Arrival Time,1
47,Tennessee,471167,0,0,2,2,0,2,2,17,CARROLL (17),0,NOT APPLICABLE,11,November,22,22,3,Tuesday,2022,8,8:00am-8:59am,50,50,SR-22 HUNTINGDON MCKENZIE HWY,NA,3,State Highway,1,Rural,3,Principal Arterial - Other,1,State Highway Agency,1,This section IS ON the NHS,0,No Special Jurisdiction,173,173,36.05376944,36.05376944,-88.45721944,-88.45721944,12,Motor Vehicle In-Transport,1,Front-to-Rear,0,No,1,Non-Junction,1,Not an Intersection,1,On Roadway,0,None,2,Dark - Not Lighted,1,Clear,0,No,0000000,Not Applicable,99,Unknown,99,Unknown,99,Unknown EMS Scene Arrival Hour,99,Unknown EMS Scene Arrival Minutes,99,Unknown,99,Unknown EMS Hospital Arrival Time,1